id,file,sha256,bytes,sections,in_corpus,screening_decision,batch
REC_0001,REC_0001.md,24414F55AD7F4404ACEC5D2EB12E55610BE9D211542CF434F49B744D4F9E64B5,7891.0,18.0,YES,INCLUDE,BATCH_B01
REC_0003,REC_0003.md,A7A2699D26A7FC52C83CD9442D0F23199D02897E99F2DC6C8C053AC4B209BE4E,7155.0,18.0,YES,INCLUDE,BATCH_B01
REC_0006,REC_0006.md,C5E50FB117F7DB83DCCF51110AA92CC013F8C8D68A4116B21A6DF42CDBD7165E,6875.0,18.0,YES,INCLUDE,BATCH_B01
REC_0008,REC_0008.md,323CBB7BEB5A84A2357C3DAEC07925954ED132764CB634C3A3FE8DC585C67654,5782.0,18.0,YES,INCLUDE,BATCH_B01
REC_0010,REC_0010.md,07D541977CC3E2BE7788AEC796F39EFE2978462BA9CB124A7F42A038984CD504,6276.0,18.0,YES,INCLUDE,BATCH_B01
REC_0013,REC_0013.md,CC053DD15BE1174B1689F7DDB9C4F0F5F781F3906E0FC38F2AF38BDA4A32DA46,7576.0,18.0,YES,INCLUDE,BATCH_B01
REC_0017,REC_0017.md,A10035CE576B03B928A5EFF45645ED2987687374CAB572E41B16FB64C5101992,7208.0,18.0,YES,INCLUDE,BATCH_B01
REC_0022,REC_0022.md,E9383493B7C7245FD284BF5FB655FCEECED29D07E803E4D16C64C8AA689FF06A,7569.0,18.0,YES,INCLUDE,BATCH_B01
REC_0023,REC_0023.md,5D3B9B0FC48456C341B790D2C525A058BC2193D285F9F8A8D082FAD0901E2E9C,8198.0,18.0,NO,INCLUDE,NONE
REC_0025,REC_0025.md,E7FB3D82D3BD57FCF659234DD59FE620907EF9B85202893F5346C5D36DD97C3A,7417.0,18.0,YES,INCLUDE,BATCH_B01
REC_0028,REC_0028.md,3D68DCDB85DC71FE163C137A2E398AF1FE950CF27386355659CEC3E89E96AD81,8005.0,18.0,YES,INCLUDE,BATCH_B01
REC_0035,REC_0035.md,A10422FDF657070E00949363FC3F3975B98DF58F9295B005C5166AFF4DDEEA66,5701.0,18.0,NO,INCLUDE,NONE
REC_0037,REC_0037.md,BC6981F5CE6B9A83E571D4CDDE092AC4B2E91F3281D9AFE6903D2474845327FC,6445.0,18.0,YES,INCLUDE,BATCH_B02
REC_0041,REC_0041.md,58926C7678AC94426746D91C2ED0F92960844F00D3D4D11CF95C13066957AB9C,6267.0,18.0,YES,INCLUDE,BATCH_B02
REC_0043,REC_0043.md,A7B5E601EF225385C3BAA4E611845C4CC86B8661DAACA72FC7805B90065755FD,5363.0,18.0,YES,INCLUDE,BATCH_B02
REC_0053,REC_0053.md,C7123F23E3529243A50576A59BC88C8959382BB8B0FA628D22CE2D96F5C21FA7,5972.0,18.0,NO,EXCLUDE,NONE
REC_0057,REC_0057.md,C99B24919F18FD5EF201265073BDBAD9400E5503264EAC250EC540D8089DE812,5512.0,18.0,YES,INCLUDE,BATCH_B02
REC_0064,REC_0064.md,61ACA5CC8F6BF2237E937A3ABA279B44ECE446CACB233EAA0464D227748E0AB2,6860.0,18.0,YES,INCLUDE,BATCH_B02
REC_0065,REC_0065.md,BAA7171D111341F568315B97C62FC2EE2D074974C53176A57CCA4E7791972D0B,6014.0,18.0,YES,INCLUDE,BATCH_B02
REC_0066,REC_0066.md,9E255912AD7237D7F7F944A802FADCA8B5B318CF899F99E983B928AADB32A250,6255.0,18.0,YES,INCLUDE,BATCH_B02
REC_0071,REC_0071.md,80B7B55A0FED8B3ED334543DB1175B45146E5B0505C1D1524202B0FDCB02EB33,5429.0,18.0,YES,INCLUDE,BATCH_B02
REC_0077,REC_0077.md,319B8EC7F66F0DCC51CB764ABDF8BD7195E24DE1CA1ACBA15F1F7E504F0F61A0,5424.0,18.0,YES,INCLUDE,BATCH_B02
REC_0080,REC_0080.md,B91DE66368200E8A017B644BCFA0630E6070E0769B46391D2F4314C7F1DA68CA,5333.0,18.0,YES,INCLUDE,BATCH_B02
REC_0084,REC_0084.md,57D52E2FCF3DB96AF90E8136E3B6CA9E05653265B4A806C2C42193D55BE96F1C,5362.0,18.0,YES,INCLUDE,BATCH_B03
REC_0095,REC_0095.md,6C8C86CEF4F1D4B495B37ACD27C0CD0C762BB1E267E919D54FFEA4CDD7ED4A1D,5409.0,18.0,YES,INCLUDE,BATCH_B03
REC_0096,REC_0096.md,8EAAE972963803754FE9D95AF3889CF0B3B9E04B635030BAEE46EFFA5F822C7B,5709.0,18.0,YES,INCLUDE,BATCH_B03
REC_0102,REC_0102.md,40873D9787B97F502FA1B1D899A9CC0F5272F7B6F2D9E6FEFE78FA7C16B64A97,5028.0,18.0,YES,INCLUDE,BATCH_B03
REC_0107,REC_0107.md,C0D85C8B3A27B8115B451D773571ACE836B57777E58E7A473B0DB4D9C7FE1F1C,5682.0,18.0,YES,INCLUDE,BATCH_B03
REC_0111,REC_0111.md,BF7B4E8709CD30335807080FA12859AD2F5ED602996A9F8B7989C3E2A146162D,4616.0,18.0,YES,INCLUDE,BATCH_B03
REC_0115,REC_0115.md,11ABCDF64AB82FEA27AF6D19A81487E89B098F93F8B313E9AC0709F73DF05067,4952.0,18.0,YES,INCLUDE,BATCH_B03
REC_0118,REC_0118.md,97C5A1B0CAB7CAB8C9CC92C469D8302AC517CE7806435D73213F8DDC87B14D2E,5209.0,18.0,YES,INCLUDE,BATCH_B03
REC_0123,REC_0123.md,A23B8762E302C5EE30264165E7222B72E81163E43EE1F27D345518CF71A8D088,3674.0,18.0,YES,INCLUDE,BATCH_B03
REC_0131,REC_0131.md,90FD791F4B69C452132C441B188C909C979E9A23B5FD9704904C585CE175B42E,5132.0,18.0,YES,INCLUDE,BATCH_B03
REC_0138,REC_0138.md,A74940515CD1802B498318AD4F3E6E3CADFCE1DADAA9F40B2A20E262F00944BC,4748.0,18.0,YES,INCLUDE,BATCH_B04
REC_0149,REC_0149.md,1360EB35272D0A348E2D3FC99FE05296E2CEB079AA3A2198A44FB911CEEDB24E,4655.0,18.0,YES,INCLUDE,BATCH_B04
REC_0155,REC_0155.md,1B230E8C44B8105775F8C7FA5B77C1DC80BF08D40D5FEA8FA71FE1941B365D72,5169.0,18.0,YES,INCLUDE,BATCH_B04
REC_0161,REC_0161.md,1AFDA19CBD2B975F870A538A535B6967CE3C11D8A9CD66D66409E6F458474B30,4614.0,18.0,YES,INCLUDE,BATCH_B04
REC_0165,REC_0165.md,59551D80F2D3FFB12E9648B204613D62CD85C2A295F230E2DD33A91C126E1EBA,3768.0,18.0,YES,INCLUDE,BATCH_B04
REC_0179,REC_0179.md,35B79229D2EDD8A76673FFAD2B99B3D1E027FF2545ADFE29D11739CD3F9DB090,5173.0,18.0,YES,INCLUDE,BATCH_B04
REC_0195,REC_0195.md,A39E1C828D6B4BC15E89FA02020D4DED8C05CDAD329380E3C662CC1EAB45AAD7,4656.0,18.0,YES,INCLUDE,BATCH_B04
REC_0196,REC_0196.md,26ADB1E9037721CC0A69402C7609DFBF3EC339AC228B9CFCB711B8171D2B93B4,3841.0,18.0,YES,INCLUDE,BATCH_B04
REC_0202,REC_0202.md,4DC0E5B04C22575B15222496E1BB0CEB4879A666434E08991D61A2F18D75D281,3071.0,18.0,YES,INCLUDE,BATCH_B04
REC_0208,REC_0208.md,A806236FED253B8AF5E764CBCDE3B1352AC80C3E4AFD3841F11D7EE62BDBE986,4607.0,18.0,YES,INCLUDE,BATCH_B04
REC_0211,REC_0211.md,9F7AC281CF10C040145956E2A55FB74CC159A154B0022F07E2531CB689E1BFAA,4459.0,18.0,YES,INCLUDE,BATCH_B05
REC_0213,REC_0213.md,846378B2479CB35170643104859B2E3DA2365F2637C26354E2560017B65AAD14,4713.0,18.0,YES,INCLUDE,BATCH_B05
REC_0215,REC_0215.md,CBD9747BC30B8A6677FB7C611954C6DB766E3653DE9B2DFA9D3CFAB15B7352E7,4316.0,18.0,YES,INCLUDE,BATCH_B05
REC_0218,REC_0218.md,56A147068E1538971EAB6F0B3BEB6B6C23BA3226BE37A89F1874522E7580B87D,4923.0,18.0,YES,INCLUDE,BATCH_B05
REC_0239,REC_0239.md,337BCB94B214F243C894DE2E15F837CD37019F479CD3A9078FC7A5589E08C018,3556.0,18.0,YES,INCLUDE,BATCH_B05
REC_0242,REC_0242.md,A1247DD6111B2F70E12DD633F176A0CEB024A5BC475CDDF1D5BD9B49615B0B60,3398.0,18.0,YES,INCLUDE,BATCH_B05
REC_0244,REC_0244.md,7F5F2FEC474C57459A1B95DC4ABF133982B4635989D771D1EBAE931D45B81420,5331.0,18.0,NO,INCLUDE,NONE
REC_0246,REC_0246.md,52EF4942C178E8393C9595D2E261EB7F4317DFA57B2A495550AAF989FB8C6A55,5159.0,18.0,YES,INCLUDE,BATCH_B05
REC_0255,REC_0255.md,24E2B66CDA31FB0DA941DA333A0619F630FF272553399C92B2442CA4A9ADAF64,3988.0,18.0,YES,INCLUDE,BATCH_B05
REC_0264,REC_0264.md,ECCF8883A509334A77AB5144B8E67DC6B575D2EC586A9EAE84542B693C121506,5267.0,18.0,YES,INCLUDE,BATCH_B05
REC_0271,REC_0271.md,970F347BEDFF64E3EBEF240C2E4140667B692A61E10580336B25506655879D7F,4879.0,18.0,YES,INCLUDE,BATCH_B05
REC_0274,REC_0274.md,6FCAE01FCBF9A4D4BCA7F55839CEA75ED6B1E81951BD1EF62726477889FE6265,2807.0,18.0,YES,INCLUDE,BATCH_B06
REC_0278,REC_0278.md,16EC6082F5AF240B81DB258162FA8D53546D4701CAA65E2C2C6C9B37B83D73FD,4900.0,18.0,YES,INCLUDE,BATCH_B06
REC_0281,REC_0281.md,5702481C359D63B1DE41A3DB45AD3F953579AC9273A3D095669009B3FAC37306,5302.0,18.0,YES,INCLUDE,BATCH_B06
REC_0289,REC_0289.md,11390867563201CDB42641FD359D1E4CC2368BA89FF9CCE42CCDDEE9D07C9187,4743.0,18.0,YES,INCLUDE,BATCH_B06
REC_0294,REC_0294.md,C5561559C0F8B833AE69EECF901F05D2D6507F74ECC9CC2D6D69A5174531AE08,4715.0,18.0,YES,INCLUDE,BATCH_B06
REC_0296,REC_0296.md,5F633DD871CB113347FF39A0DF636833EEA0933A943DABCCB9B55A974C5C0463,3632.0,18.0,YES,INCLUDE,BATCH_B06
REC_0305,REC_0305.md,18D21E85954FA6D9F3C367818A4647C8CFF3EB7D47D39F4A922EC3604A68C215,4261.0,18.0,YES,INCLUDE,BATCH_B06
REC_0318,REC_0318.md,0939851EE536DE4B19067D74F22CD327D2DF7C5E85492B339C5B84463D5E49E6,3459.0,18.0,YES,INCLUDE,BATCH_B06
REC_0332,REC_0332.md,A56E0FD0D88AB31BF7349655FE1DF85E98D0C652A39C4E0FAB1C3849AD543CA3,4207.0,18.0,YES,INCLUDE,BATCH_B06
REC_0343,REC_0343.md,955421265B80B516F12623931E8A5737FF779E96D189F81382285E3109347A22,4593.0,18.0,YES,INCLUDE,BATCH_B06
REC_0345,REC_0345.md,82FE2B6B4766FCD9F425217E466243AD40376FBC0EE520D27898A381AD0AB1C9,4152.0,18.0,YES,INCLUDE,BATCH_B07
REC_0346,REC_0346.md,5A014969EC68B01125A4C9D35C9EC110D24EB77B5B6EFC77D1B683B5E471397C,4284.0,18.0,YES,INCLUDE,BATCH_B07
REC_0347,REC_0347.md,F08AE73094C6C6FB03DBE59BED301A3EB3217A36781E98461F179ED15D7DA16F,4319.0,18.0,YES,INCLUDE,BATCH_B07
REC_0362,REC_0362.md,54355CD691882E798A4E599E467AE3B0932D2A9CE282D2547D6ACA53D8F84681,4851.0,18.0,YES,INCLUDE,BATCH_B07
REC_0363,REC_0363.md,2EEF14D61273855712F1AF5D99C7A688166283EB58F7B0CD9012F1B1C8EC6A3B,4376.0,18.0,NO,INCLUDE,NONE
REC_0369,REC_0369.md,8F57C3B8F05D4635A080F2C6D93006E05BC30FEE954437C9FD690E47821807F2,5496.0,18.0,YES,INCLUDE,BATCH_B07
REC_0388,REC_0388.md,A0C57966AE5B76CA88094040A6ACD86DEECC5E81933A2A7930B1B6E25F83EE4A,4238.0,18.0,YES,INCLUDE,BATCH_B07
REC_0391,REC_0391.md,487A8EF7DD86D0F5DF22A7B25ABEE32C13830A2B584F5EFA0F53F3F5DC8A3519,4844.0,18.0,YES,INCLUDE,BATCH_B07
REC_0409,REC_0409.md,1831F349E57CFD83D27C617B8FDD2AD9DBDFBBA4A6F6328F01A5C6906CE530D1,5498.0,18.0,YES,INCLUDE,BATCH_B07
REC_0426,REC_0426.md,CB703B0270D1891416986015C0A8692E3495FB03CF4618BEEC4B72C9576E29C2,4037.0,18.0,YES,INCLUDE,BATCH_B07
REC_0438,REC_0438.md,F74BE5DA33E334829CC675B28CE482F51D2CD3907B1FD9EA1C4A620BA3652D00,5179.0,18.0,YES,INCLUDE,BATCH_B07
REC_0444,REC_0444.md,46BC0418C9F0E0D049D5ACC072ECD5E65C915582DC18E149C612643BE6D84257,4545.0,18.0,YES,INCLUDE,BATCH_B08
REC_0455,REC_0455.md,1C8017BBC880EA07E6C95C6CE272B81F1397CDE7E12306A9B8981C326B782C6D,4759.0,18.0,YES,INCLUDE,BATCH_B08
REC_0459,REC_0459.md,67D418DB3474291EC07080B417FD9F7636AA36FCDDA9817735F0C875A928CC31,3316.0,18.0,YES,INCLUDE,BATCH_B08
REC_0461,REC_0461.md,6F844645F57EE9078B691FB909D060C14E7FBD533B6C470CA4426516F04BB515,3414.0,18.0,YES,INCLUDE,BATCH_B08
REC_0464,REC_0464.md,3C2514417DB4BBA9534D93D8D8D1CF7957F04B4435FB31236B7CF6A588804675,4706.0,18.0,YES,INCLUDE,BATCH_B08
REC_0469,REC_0469.md,B6E37E285280DCCB7C45882576D6302096D779FE92DE20CE9336563E6BA52D38,4836.0,18.0,YES,INCLUDE,BATCH_B08
REC_0475,REC_0475.md,5B7CFF991C8BD48004B4B55506C7D0D594B5366930ECDE50F68BE8E778EE716D,4624.0,18.0,YES,INCLUDE,BATCH_B08
REC_0481,REC_0481.md,2427BE3E1B76D6EA3665740F4009198976A36CE48E2383706CCBA5E3CAD43F39,6114.0,18.0,YES,INCLUDE,BATCH_B08
REC_0485,REC_0485.md,A9CD6EA3A43AC9A5546C10B3122782E088D93CBE61F19268A54755CAA9C1EEC2,4882.0,18.0,YES,INCLUDE,BATCH_B08
REC_0489,REC_0489.md,14E3E8D4407A7D38AE04AEB37987131A93862164CFC90F4A37BFFF89A52C8968,7089.0,18.0,YES,INCLUDE,BATCH_B08
REC_0502,REC_0502.md,9C4B7A2AAC91097507BAF5DE623BCE8BF550E5275ED8ECE444F7344822E36A29,6623.0,18.0,YES,INCLUDE,BATCH_B09
REC_0503,REC_0503.md,F850804925526BC584B70D929E19D09FA3514F67B827E0FA9A57A4E49577F116,5210.0,18.0,YES,INCLUDE,BATCH_B09
REC_0534,REC_0534.md,9A6981EE89BDF62857A689611369DA701205F5885812A63EA6A06AF819270FA6,4789.0,18.0,YES,INCLUDE,BATCH_B09
REC_0537,REC_0537.md,82D7B990968DE38C90D8186557BAA064E32161128026F388E1A848B02DF9A89D,4625.0,18.0,YES,INCLUDE,BATCH_B09
REC_0544,REC_0544.md,F4E54216D51B25192F6F8E4FC3085CFDA9156EF9DBDEB0479DA2AAE75940289F,6133.0,18.0,YES,INCLUDE,BATCH_B09
REC_0572,REC_0572.md,7448C099C509473C2807437F1CE194C4B66C800F664F2E1810322B4257B56C80,4214.0,18.0,YES,INCLUDE,BATCH_B09
REC_0594,REC_0594.md,429FF78DE9CA60AB8AD30C6777D1C44DCD101BA459C668B3282D74E93B680172,6670.0,18.0,YES,INCLUDE,BATCH_B09
REC_0598,REC_0598.md,0E542056539AC833F0903C9502C9FB588C9C47C74D3D492362885CCAF2276DB9,5342.0,18.0,YES,INCLUDE,BATCH_B09
REC_0617,REC_0617.md,F5069359AD57A83C318D6001BB6AB48BD166524A2E798539B17B694828DBB196,5133.0,18.0,YES,INCLUDE,BATCH_B09
REC_0620,REC_0620.md,646C50536D35465884402E84999DE2F34C3A2351282B3D2657247E149D370950,5280.0,18.0,YES,INCLUDE,BATCH_B09
REC_0622,REC_0622.md,562EAB4047A1CA179FDDF95DB04102048FD259B58B09BAA566C66EEC6A8FCA01,5435.0,18.0,YES,INCLUDE,BATCH_B10
REC_0631,REC_0631.md,C92A6BE4C2A7482FA8C22796DC2A9925E76412300FA64B80B9FF5BA49135CD1A,2990.0,18.0,YES,INCLUDE,BATCH_B10
REC_0639,REC_0639.md,15F1D62BD4422B7C9D2925EFD1D0182B9E9F3501C569327BD1C08C3521A55950,5562.0,18.0,YES,INCLUDE,BATCH_B10
REC_0644,REC_0644.md,0B9B3667094BCACA7646F0B347F0D8F3C0612CB19F4C238D5085649177BE8062,5091.0,18.0,YES,INCLUDE,BATCH_B10
REC_0647,REC_0647.md,F9A8A4CCC9CF452A48C0BCC49949D43D9055AAC43BFAD4898CA749FEEDCD02C2,6082.0,18.0,YES,INCLUDE,BATCH_B10
REC_0652,REC_0652.md,4CE852CD3A68D45B4E6465BAAB1EB08496CA30E8332BA57EBFC3ADC9C974D379,4997.0,18.0,YES,INCLUDE,BATCH_B10
REC_0656,REC_0656.md,E6792FBE0B146052AF821A89088184A9DB278591A6E0BEA1BA89B6BB6780F393,4899.0,18.0,YES,INCLUDE,BATCH_B10
REC_0687,REC_0687.md,040A4097CDD6D0A1D791E7CB03163A1D99F726854B081F03210698C5690F236A,4840.0,18.0,YES,INCLUDE,BATCH_B10
REC_0688,REC_0688.md,338894C0F65E5E5315F4E39CA7421176B41ACE7B08CFCD7CBF73045C6B944897,5225.0,18.0,YES,INCLUDE,BATCH_B10
REC_0693,REC_0693.md,AA2D36AEFEB2A8AF43CC3481E58DC8FF05E8C5A609D08EFE5FAC42EC593D867A,4438.0,18.0,NO,EXCLUDE,NONE
REC_0701,REC_0701.md,B22759CD8AA25C872A64C352A8468DE4F39767DE00575ED17C68B836B401723B,4689.0,18.0,YES,INCLUDE,BATCH_B10
REC_0705,REC_0705.md,1FE77769243C8E82D1C766DE27FE54839AAF12BA85C9EAE8F4248BEC9E540F1E,5024.0,18.0,YES,INCLUDE,BATCH_B11
REC_0706,REC_0706.md,CAC7C42E56C50779D322039BA6A27F583AA7D8061E0198D9EC8F64D43E4D34E9,3680.0,18.0,YES,INCLUDE,BATCH_B11
REC_0713,REC_0713.md,0AB1ABEBDB74307E32D51733B8EECED4F16DE02CD59986A95A3820BF3DF32D52,4879.0,18.0,YES,INCLUDE,BATCH_B11
REC_0716,REC_0716.md,27BB247CFB7BCEBE8A15BD0D35ADFB91067C61788E5E79DBD1993AD8DDE91D0B,4429.0,18.0,YES,INCLUDE,BATCH_B11
REC_0719,REC_0719.md,7A5E4BF8036D49DC95B27C9DB264CFB9C4FA16F0D35EFE54EF76A8F3A6888B6B,3996.0,18.0,YES,INCLUDE,BATCH_B11
REC_0752,REC_0752.md,ED10009F7539A4271FA27A7D9A6802702CE78A1E2972D5387F7498E65E1EA5C1,4637.0,18.0,YES,INCLUDE,BATCH_B11
REC_0814,REC_0814.md,D1A68420AA17D7994F80D811330AAB7EF7E647C9A6707D60F8F940D271F4E9F8,4632.0,18.0,YES,INCLUDE,BATCH_B11
REC_0816,REC_0816.md,6DC7528BD1A5040F2B440677C00001838FE2E22844A0035AE0103D6CA3B25BB1,5321.0,18.0,YES,INCLUDE,BATCH_B11
REC_0824,REC_0824.md,13933969D916B0497EC26209D5BD46812E054E4E8E9D1872F570F0D9DF427B1D,4972.0,18.0,YES,INCLUDE,BATCH_B11
REC_0840,REC_0840.md,98C07349F6F3DF50661331C5EF57244F31893420FD4C88E827A6A5CA1C9F8B52,3943.0,18.0,YES,INCLUDE,BATCH_B11
REC_0857,REC_0857.md,831F31EE4E10FAE606B5CB4CADB406BD1AA5FC2233CA62B6AE4E9C4DA7AD90B1,4862.0,18.0,YES,INCLUDE,BATCH_B12
REC_0859,REC_0859.md,FC020398D2BA53414129C1FF1649C15625FA4C12082709F0AE307E9E6BF74C8A,4151.0,18.0,YES,INCLUDE,BATCH_B12
REC_0866,REC_0866.md,39E74B035F561878F21248FF238C9315D7EC84733242432A4D86F9A99D5AE72F,3729.0,18.0,NO,EXCLUDE,NONE
REC_0870,REC_0870.md,5C65AD1B0F26CCBAC325B119A8EC5B816AC851F449AA6C8773468D1980875FEE,4145.0,18.0,YES,INCLUDE,BATCH_B12
REC_0896,REC_0896.md,A6BE6EE34D5DC06278E676802E77E276A909E2727624966B9530DD21C3DE5E9F,4524.0,18.0,YES,INCLUDE,BATCH_B12
REC_0932,REC_0932.md,4CFF9028C3CF39D853E855EDA43EE541EEB66A25BA1AE3823D8395B381C53535,4287.0,18.0,YES,INCLUDE,BATCH_B12
REC_0951,REC_0951.md,22935E7C2738811C499036EB0DC9E47EF3209A8052FDA1FCC1D202564D3FE909,5077.0,18.0,YES,INCLUDE,BATCH_B12
REC_0960,REC_0960.md,F56F9C06BD227EDDD215B72F65A69F82D280EA9AB4BE20DB110BF2B271BD616C,4422.0,18.0,YES,INCLUDE,BATCH_B12
REC_0961,REC_0961.md,7EC349850DA3766AC4939EDBBA81AD17A94D51F35190F9AAC42B3ABC97C653B7,4661.0,18.0,YES,INCLUDE,BATCH_B12
REC_0973,REC_0973.md,1630E31E52FFB76F95557BDC558772BA941DCEA031ACF526669776B508548956,4149.0,18.0,YES,INCLUDE,BATCH_B12
REC_0981,REC_0981.md,6DC9DEC73DDBB49582A939548D28493D57C40345EAEB6D68743FCB3946EC6C0D,3799.0,18.0,YES,INCLUDE,BATCH_B12
REC_0986,REC_0986.md,BB9DD8CDAEA55FD756D9B07C023BF3C6AF8DF056603289ACE7658F76082AD064,4592.0,18.0,YES,INCLUDE,BATCH_B13
REC_0993,REC_0993.md,7227B163577B972AE5590B6FC60C8E1D6FD53D38037D914B9F18FB5D24663E39,5355.0,18.0,YES,INCLUDE,BATCH_B13
REC_0994,REC_0994.md,640CA3D39B6DF6FC6977C36D05DAB27A452EE7A197E394E78196845040F9B810,4658.0,18.0,YES,INCLUDE,BATCH_B13
REC_0995,REC_0995.md,5C07201B68EB4194703FE470262F618A777B97EB26D628905578FD9FC7242EFC,4646.0,18.0,YES,INCLUDE,BATCH_B13
REC_1001,REC_1001.md,F4C7D3218C8B0BFC389E89D809B8CF362820234089A36D4814C79DBB36B41CA8,4396.0,18.0,YES,INCLUDE,BATCH_B13
REC_1002,REC_1002.md,9B42EDC70DBE8511104A27E27B49267914639D8DA80939FCD7DAD1E7251712BA,4162.0,18.0,YES,INCLUDE,BATCH_B13
REC_1006,REC_1006.md,BFB82463322CCDD84891674E68DD6FD918FB6C0F07B4F19072BE8460F1FDFC5F,4213.0,18.0,YES,INCLUDE,BATCH_B13
REC_1007,REC_1007.md,A61675CAC277B2B76A1440F88BF3BFB947D19782BD45B3A6DBF4640BCDF3C063,4524.0,18.0,YES,INCLUDE,BATCH_B13
REC_1011,REC_1011.md,2850926164B72A150BD875B4690A690E6CBC35A50FA1807E28CF3A78BCCEBA20,5020.0,18.0,YES,INCLUDE,BATCH_B13
REC_1014,REC_1014.md,217163DE945B08D972BEB66456061A22D0F9DA566CC4791FDB9AEB28EDB902DF,4524.0,18.0,YES,INCLUDE,BATCH_B13
REC_1017,REC_1017.md,3F32E6C206B2F57F67C2FA3A57721E529BD86D7EFEBDE2A3A6954E3CA4F17EA8,4431.0,18.0,YES,INCLUDE,BATCH_B14
REC_1018,REC_1018.md,98DBBD349791067F9A1C75367EEABD835BDB62379583F63EECB6576BDD773ECC,4777.0,18.0,YES,INCLUDE,BATCH_B14
REC_1019,REC_1019.md,0716D0D06C4FB54FEB647FDBB7A6BCAC8DD33BC15B10BDCC0DD25066B47DB66D,4367.0,18.0,YES,INCLUDE,BATCH_B14
REC_1021,REC_1021.md,6FD81663FFD702CBFAB9804CA9A676AEDA1A1752653715F13DFD8C280BDD7D50,4492.0,18.0,YES,INCLUDE,BATCH_B14
REC_1023,REC_1023.md,D21A20B9B53C1405F977CC14759F3914DE418203DCB8EEFDDF1310FE2B68AEEE,5203.0,18.0,YES,INCLUDE,BATCH_B14
REC_1025,REC_1025.md,B7D9583DCA087E7A0A03E97D84F3EC57AFCD0A6E9A81D67F14E72FD6B8183966,4082.0,18.0,YES,INCLUDE,BATCH_B14
REC_1026,REC_1026.md,A3CDB66B59B80771D418F370F603983A2ABF7027E6BA27321ACC9062181795B6,5110.0,18.0,YES,INCLUDE,BATCH_B14
REC_1028,REC_1028.md,66500EFBB812778110558457C5107D7C542D99CDE0EC2695DEC919763631012B,4403.0,18.0,YES,INCLUDE,BATCH_B14
REC_1029,REC_1029.md,87365802DD641B79979A706B232A01E6788311A670523AEB997EFC51072D2104,5066.0,18.0,YES,INCLUDE,BATCH_B14
REC_1032,REC_1032.md,2F38A60A3D47756C5EEE21B228B90E08276076BEB5DCDF0C327E2BF27F90FB4F,6133.0,18.0,YES,INCLUDE,BATCH_B14
REC_1034,REC_1034.md,604C706794FD3DD15C5F1F33D3CE219B87D4BBE3CC1F281C3EBC13F14DE933F7,4682.0,18.0,YES,INCLUDE,BATCH_B15
REC_1043,REC_1043.md,4958DA47D0832B53F1779EDD64756FF1E32A93A2FB38428D1E410274698F48DD,5735.0,18.0,YES,INCLUDE,BATCH_B15
REC_1044,REC_1044.md,ED2BAB20D9F1DE3DE1FCAB89DF4209D940247438DA73903C4C631AA30320F6C6,5532.0,18.0,YES,INCLUDE,BATCH_B15
REC_1046,REC_1046.md,DCFDFC2FA4B9A30C2CCF93FB5A8FD4CB9845F95E845A43F4436177F49DC45988,5066.0,18.0,YES,INCLUDE,BATCH_B15
REC_1048,REC_1048.md,3B7046C20D79B1ACDF256A9E5B3D78A632D93C8AD9CFC5CF4EB79623D3ABBF94,4854.0,18.0,YES,INCLUDE,BATCH_B15
REC_1049,REC_1049.md,A9FDF0706AC224F67A7A44F8182649855DEE0CADB58FDFFAD612C0913E163578,4510.0,18.0,YES,INCLUDE,BATCH_B15
REC_1055,REC_1055.md,D7D3A3913BAADB0CFDBB8AC6A0A6F311CAE7082F19146D314710842F66D7FCB2,3327.0,18.0,YES,INCLUDE,BATCH_B15
REC_1059,REC_1059.md,3F716A983CF79D2B023A2446266002069E900D161230E93A32015263285D7FC6,7724.0,18.0,YES,INCLUDE,BATCH_B15
REC_1063,REC_1063.md,5A420AFC664E8917C0A0807373D5DBA3BB9AFAFE09F53A641B1F84AD29FB4986,6021.0,18.0,YES,INCLUDE,BATCH_B15
REC_1067,REC_1067.md,A0055E7D2ABE94439C20FAE5AE2673336CF1C5431A13AB7B60D9FE48D694A95D,6283.0,18.0,YES,INCLUDE,BATCH_B15
REC_1069,REC_1069.md,74BBD886A8ED12B1EBDBB8437F330DD562E1A38BD604C2A98B9A5C15856EA7FF,8282.0,18.0,YES,INCLUDE,BATCH_B16
REC_1080,REC_1080.md,89FD87A05E16A1133B08197A08058AE665848D98CCBFC931481077942836E25C,8688.0,18.0,YES,INCLUDE,BATCH_B16
REC_1083,REC_1083.md,36752996ECE972D53D099A449805974EB41FE5F27143CCBAA306439FC9BB5A3C,4855.0,17.0,YES,INCLUDE,BATCH_B16
REC_1084,REC_1084.md,3040D4787DE7736D0795E9AF2612F1448A96A7B9F1E193ED120CE0329EB7C24D,5041.0,17.0,YES,INCLUDE,BATCH_B16
REC_1085,REC_1085.md,6A3285FE1C0AEAC35C334A34BCF708FAC3BE57585F685B4A53FFCD709FC26363,4894.0,17.0,YES,INCLUDE,BATCH_B16
REC_1095,REC_1095.md,5FB1ACE52C7DE2B1C3FA12869DC5955E43BF8C75E98C20E3BFA025A132CEFC8E,4855.0,17.0,YES,INCLUDE,BATCH_B16
REC_1096,REC_1096.md,FD3EFC19393C3408E1FDCF5777047893560A87258F81E3ACFC1DA38824D31C85,4887.0,17.0,YES,INCLUDE,BATCH_B16
REC_1103,REC_1103.md,F6FF2C3B70810841D6247C62D6F94E8E4365CF0D81A7898DD120508607E7BBCF,5586.0,18.0,YES,INCLUDE,BATCH_B16
REC_1105,REC_1105.md,0E96517235C4306919D59813BAE119415EE31D7B8CA561FBD80FC6F5568E7D0D,6096.0,18.0,YES,INCLUDE,BATCH_B16
REC_1106,REC_1106.md,5B81BC5F0D63AFB47035A26C1CB82235F678FA6F19258B7541D3BA3926D91A84,7103.0,18.0,YES,INCLUDE,BATCH_B16
REC_1107,REC_1107.md,C85752348580F949CFF78CEE1AACE78CC614C0BC4A7003F14DCBE6013150252C,7202.0,18.0,YES,INCLUDE,BATCH_B17
REC_1110,REC_1110.md,66F7333B3CC9E7FFCC1DADA3217E7EA78C0F3FC6D9F7472A1CAD8EC2F1889BCB,6080.0,18.0,YES,INCLUDE,BATCH_B17
REC_1114,REC_1114.md,7BE7041AC4CF24C312D847F451FA9A86A209AA2276E771106D21D8BBBC475257,8683.0,18.0,YES,INCLUDE,BATCH_B17
REC_1115,REC_1115.md,0256DA70DB0590B5D1CCBEE5B8A9B11BF202E64252C9FF10547821D971C1D540,6833.0,18.0,YES,INCLUDE,BATCH_B17
REC_1116,REC_1116.md,D8B013445CEF19E64F1ACF95C972F0D2A831F0006823316FE8A59832109F209B,7991.0,18.0,YES,INCLUDE,BATCH_B17
REC_1118,REC_1118.md,3F40FBF7477E1BC32D7F65B6EE2E817BB92CF34FE084132A71C54CE9403E7DF2,4398.0,18.0,YES,INCLUDE,BATCH_B17
REC_1123,REC_1123.md,2BF876A3B71623A12A5B45B0A63BF4FDF1FCEE84EA455D4683D5D958D08831F9,8180.0,18.0,YES,INCLUDE,BATCH_B17
REC_1130,REC_1130.md,3E51B00308E0187F2FFF7352D54A7BDCB53F24DE7440ECDFF0757654551D9D98,6258.0,18.0,YES,INCLUDE,BATCH_B17
REC_1132,REC_1132.md,F6A5EF2A2B4085AE4C2E1884AF9A81FBF0DF0E94B7E420B8365953CA26C53826,5705.0,18.0,YES,INCLUDE,BATCH_B17
REC_1135,REC_1135.md,1A37B4B7FFD88DEDCCA55791986BE1E821029621063CB998CCB95F6CD4700BE7,6070.0,18.0,YES,INCLUDE,BATCH_B17
REC_1137,REC_1137.md,C94E8598F4582DCD38B02F5668B16CD94EC83FB4E1AF5F405ECF165AD95F3810,5374.0,18.0,YES,INCLUDE,BATCH_B18
REC_1140,REC_1140.md,0746FA5F69E88BC706CAC2700D4657BAC7D3440E4CB9E325A29F7DC3368E34B3,6728.0,18.0,YES,INCLUDE,BATCH_B18
REC_1142,REC_1142.md,A94A0C6BEB2658B865B7A0943B1606068AF81EB00A012D3C444DE2D1C9CE7D7E,6765.0,18.0,YES,INCLUDE,BATCH_B18
REC_1146,REC_1146.md,47F1345B553AD22EDC55AEBAE2017B684A960F0E9009A3E33D775B6E54414AB5,6571.0,18.0,YES,INCLUDE,BATCH_B18
REC_1148,REC_1148.md,38CE56E5E18815D767FDBFCC83FFDA5508292F9085108CD958F34F7159A9600A,6825.0,18.0,YES,INCLUDE,BATCH_B18
REC_1150,REC_1150.md,3D46FB9E363780A6E914AFF4D15A62CD128BE1CF54681D100224A38438DD9B72,5861.0,18.0,YES,INCLUDE,BATCH_B18
REC_1159,REC_1159.md,84A023A7F372B953F3897B3815AD0359D5D7978BD23A5490D71FC19C999492FF,5795.0,18.0,YES,INCLUDE,BATCH_B18
REC_1160,REC_1160.md,9A511B13E2E70D01B89795AC3D8C330E68107302F24F3BB07A679B5BF0C831B8,4970.0,18.0,YES,INCLUDE,BATCH_B18
REC_1163,REC_1163.md,54D1327954EDB5ECA2E3F370619034B4DB46407A62425E0D4941111DC523DA3E,6319.0,18.0,YES,INCLUDE,BATCH_B18
REC_1165,REC_1165.md,6C00038B807543663D00FF0AE1A9D71C98C91B28C90A5921BF8683AB81E70F74,3668.0,18.0,YES,INCLUDE,BATCH_B18
REC_1167,REC_1167.md,A8C33D7F3AD4296F7CE4CD817B05E9C505B9C3CBD7F7CD60AB12218CABDC2751,5274.0,18.0,YES,INCLUDE,BATCH_B19
REC_1171,REC_1171.md,0930577E11A297C1AC7D0E0E68975CDD9732D7C7E4904EC26B01D5D9C07DE04C,5169.0,18.0,YES,INCLUDE,BATCH_B19
REC_1172,REC_1172.md,85038FE5FBE45DECC28B7703BB2CB5EF7D0E86742F7C9E0BA81B5C1D2B74C3B5,5585.0,18.0,YES,INCLUDE,BATCH_B19
REC_1175,REC_1175.md,A51B632DFB453B1746C6F1ECC012838EE4B3A74790103CC7D351CC57D68F03B7,5062.0,18.0,YES,INCLUDE,BATCH_B19
REC_1178,REC_1178.md,460E2FB3ED3E028DA5FC9346FA5F537465BA06A24D466B25E7F7929C27F79424,5350.0,18.0,YES,INCLUDE,BATCH_B19
REC_1185,REC_1185.md,810C33AAAA9E04246E0AB81E0F316937A75D97FAF5EFBD4D804E0890F1E65957,5625.0,18.0,YES,INCLUDE,BATCH_B19
REC_1186,REC_1186.md,B86C794DE4067D3545F6EAED72E21C40831A08C0A306DC0AB19BA73552F0D244,4712.0,18.0,YES,INCLUDE,BATCH_B19
REC_1187,REC_1187.md,A838E6DE51731C5DE1C30625F1D4BA409FAACB521A199DA9C78A3148101CD4BC,4051.0,18.0,YES,INCLUDE,BATCH_B19
REC_1189,REC_1189.md,53F4608700D82016F574F9D1F0782A5CE708832AE0318A3DBD9A0581565B9F7F,5647.0,18.0,YES,INCLUDE,BATCH_B19
REC_1190,REC_1190.md,9F17CDCB0654D01C31BE1AF7815D0B95F13F28EF312C7415E17CF4D720A9278F,5091.0,18.0,YES,INCLUDE,BATCH_B19
REC_1191,REC_1191.md,AF7FE1B9F4B95314FE5D8D84576ED080B0524751AD886FD866435E96024751E8,4360.0,18.0,YES,INCLUDE,BATCH_B20
REC_1192,REC_1192.md,EB1D139BE856284A3854536BAD9A5B59E9AFB298182795FBC791C916F01C018C,3954.0,18.0,YES,INCLUDE,BATCH_B20
REC_1194,REC_1194.md,8F938C0739276FB2305D73692D19DBC86CB04E85C5FE94C1392ADE08E21A3554,4264.0,18.0,YES,INCLUDE,BATCH_B20
REC_1196,REC_1196.md,5F1973C6B10C57B8D4FD2944FD9608268CBA0AE0DFEA6BE0D9C9F90B0669FBB2,3451.0,18.0,YES,INCLUDE,BATCH_B20
REC_1207,REC_1207.md,4622918B08E7B12FCA7C2E31F3DE3EC4ABC5D0F78AF7497669B911B2AD39FD18,3449.0,18.0,YES,INCLUDE,BATCH_B20
REC_1208,REC_1208.md,320204C19C61A838DE8BFC028F870E57B5CFF0369E4EA87ACA35B8641E06920B,4166.0,18.0,YES,INCLUDE,BATCH_B20
REC_1212,REC_1212.md,71BD9CF9B373A1733BE921FA0AEE7FF26BE20B1E37DDA4B2B3BD5ADBD14B9553,3737.0,18.0,YES,INCLUDE,BATCH_B20
REC_1216,REC_1216.md,D04F2321C9B78FFF177330386A845BA11C541A9BDEE125EC464B7EADDB533A4D,5448.0,18.0,YES,INCLUDE,BATCH_B20
REC_1217,REC_1217.md,737DBB4A475315D14E80E4A11444BF2DCB817045BE88164895228CF34CE6D02E,5375.0,18.0,NO,INCLUDE,NONE
REC_1223,REC_1223.md,81C4EECE7E9B2F5D9FC0013D74463D208EE63F3E1D04B39AF55FD00D6632C693,5006.0,18.0,YES,INCLUDE,BATCH_B20
REC_1232,REC_1232.md,C13D8BCE4EF783BECEFEB8CEAC359A54744CA3B8CAFD35A953F55C662064D406,3667.0,18.0,YES,INCLUDE,BATCH_B20
REC_1235,REC_1235.md,F2EC6B8FC3C9DBC1CBC27B343EAED6E237F4B53896707C3C52CFAAEA5D13694A,3726.0,18.0,YES,INCLUDE,BATCH_B21
REC_1243,REC_1243.md,70576D965CBEDD3F0369E657D8DCE0C37B1FAFAFB6AC9F854EAC86DD925FB3BD,4510.0,18.0,YES,INCLUDE,BATCH_B21
REC_1245,REC_1245.md,36B0A0877D2FD7FCFB8F60EB3D8D022BCBD7A415341AAA17CA7C7F245A188DC8,3858.0,18.0,YES,INCLUDE,BATCH_B21
REC_1248,REC_1248.md,04D1D2B78ED885DC28C6D08B7133A009E717C3E2B1FED83945E1C29DD52AA3B5,4101.0,18.0,YES,INCLUDE,BATCH_B21
REC_1250,REC_1250.md,0AB308D17D310E6BE9759B3ABEDE08748E0FB48FEB547E5BCB7F1D0132718D16,4121.0,18.0,YES,INCLUDE,BATCH_B21
REC_1251,REC_1251.md,D1032AFEC71F7588CD799B5A97E52F6A50D2291E2AD4649EC63627BC04D83141,3857.0,18.0,YES,INCLUDE,BATCH_B21
REC_1252,REC_1252.md,A850AB853E3DD50D30AE4EEA3BB15418605642EFE5615EC1BD94800549747A26,4462.0,18.0,YES,INCLUDE,BATCH_B21
REC_1253,REC_1253.md,08F5CA2D75D322A61DD513ED1D9D5530FE2B21F5BCEB34B18AB2E539709118F7,3946.0,18.0,YES,INCLUDE,BATCH_B21
REC_1267,REC_1267.md,98AECD70CA48A19EC079D01461F3A5646A844947776F0ADB846B1A9EFC2A5799,4210.0,18.0,YES,INCLUDE,BATCH_B21
REC_1270,REC_1270.md,2C7540A869FB5771B2B332035F0BBA451C2A0EC78830CD7B4871E5F9101B9127,3145.0,18.0,YES,INCLUDE,BATCH_B21
REC_1274,REC_1274.md,A9919996F3CD071F6380A164DCD6CEE995D0E4B526A768D08653C95D61784AC3,4119.0,18.0,YES,INCLUDE,BATCH_B22
REC_1277,REC_1277.md,7458BB1AEF601CDDE47DA894BBA75195FB0455041FE1BB5FA9C53DB0C9870AE0,10500.0,18.0,YES,INCLUDE,BATCH_B22
REC_1282,REC_1282.md,B0C65337CB8954E2968926E4DA118456AE0DBF05E69FCFB2F3424CBEAF9DB590,7115.0,18.0,YES,INCLUDE,BATCH_B22
REC_1283,REC_1283.md,AD282BAB7B5B64A8CA6ABAA141B04B330DD079BEF1C34763A90B485B5B1447EC,8996.0,18.0,YES,INCLUDE,BATCH_B22
REC_1285,REC_1285.md,379B1EA8F9C3A174311A2E2BEEE2D30D2DF5182F8FB02373FDDACB2E430D85F2,6323.0,18.0,YES,INCLUDE,BATCH_B22
REC_1286,REC_1286.md,FAF80EE819A6D6FC03189563505ACD3F8776712B5521C4F8709719DBD92E598A,8452.0,18.0,YES,INCLUDE,BATCH_B22
REC_1289,REC_1289.md,C033D71B9DC9DE0D91D89F86AB0FB6BAE91B62B72508E3524C8CCDF2A6323B93,7018.0,18.0,YES,INCLUDE,BATCH_B22
REC_1295,REC_1295.md,87C370933C68656B68D2BCDEC07FA4662DAE8D1A8BCE3DF9BF1A7A0684F5E7A3,6413.0,18.0,YES,INCLUDE,BATCH_B22
REC_1298,REC_1298.md,4B403D515800B61C23EA59BD86C301266EDE54703816A5F71F1CFAC2FE3627B3,7217.0,18.0,YES,INCLUDE,BATCH_B22
REC_1302,REC_1302.md,D3248759A034F88DFC98AC3436FAD8E51A2B4F7F8256127EE276CA38711C6303,7075.0,18.0,YES,INCLUDE,BATCH_B22
REC_1304,REC_1304.md,90D73F1B8145912A2EF4CE4568C672544BF8A7F2C67FB5AAD55AE1FBFDFD52CB,7004.0,18.0,YES,INCLUDE,BATCH_B23
REC_1306,REC_1306.md,A056E13C19E067EB91A30462D80FC2882573B873E0E8C36979913BE8184C51B0,5006.0,18.0,YES,INCLUDE,BATCH_B23
REC_1307,REC_1307.md,45253FAEC2D7CC8910BB94D76FFCB110F0D0F3FD4FA80FBDEF3B4A26AF3EEC39,4934.0,18.0,YES,INCLUDE,BATCH_B23
REC_1308,REC_1308.md,EBEB64D2F942FC634D8FFBAE3133C705C277A43CD19DAC788B14DB341981A304,4651.0,18.0,YES,INCLUDE,BATCH_B23
REC_1309,REC_1309.md,A50B7D633A2F86884C1F371189E190135111B1A71D4DD8E8BE50DBDE53486BDD,4933.0,18.0,YES,INCLUDE,BATCH_B23
REC_1313,REC_1313.md,E2BC67C1DEA0142CDE4591B1A5F93C5D0A053DB8D4816F6211C0CDD78705E865,5198.0,18.0,YES,INCLUDE,BATCH_B23
REC_1316,REC_1316.md,AAC3DC71A91F8804A0FC76EB418BCF1513E1623EDE443C80856FA235A5643A28,6063.0,18.0,YES,INCLUDE,BATCH_B23
REC_1320,REC_1320.md,64D1541D47256577A42FC7CEAAD439DC88E15A0FDF34B89D52C08416CA8CBD4E,6481.0,18.0,YES,INCLUDE,BATCH_B23
REC_1322,REC_1322.md,B37A6CD0ABD980F8109073DB9CA3BD310C22FBFF3FB0F250824B465461011058,5433.0,18.0,YES,INCLUDE,BATCH_B23
REC_1330,REC_1330.md,E49917A701F785C9310A0436A44FF72E3D738CAD8AFDEF3E7DEC930F8866F8A6,4978.0,18.0,YES,INCLUDE,BATCH_B23
REC_1336,REC_1336.md,36C7CCB5D4181BBEA52EFD86E13FEB9018089D888D191B74DD0D895036FE63B5,5328.0,18.0,YES,INCLUDE,BATCH_B24
REC_1346,REC_1346.md,E8B77DFF7E596CB641050A3FE923EE04DAD69640D42618B2223E7F624778CA41,6726.0,18.0,YES,INCLUDE,BATCH_B24
REC_1348,REC_1348.md,0C24AE8F49E2D0AE0D724ADF30F068A79D778A6F03E864B918026E23107E176D,4920.0,18.0,YES,INCLUDE,BATCH_B24
REC_1355,REC_1355.md,7CF46531BD7CEED5432F22BE070F3DA595DAE4C79496E9052878996783B80986,5871.0,18.0,YES,INCLUDE,BATCH_B24
REC_1358,REC_1358.md,3E76A0BCA10412E6C268ED4732FD069A94509CC21901CC4805A95E0687EF649C,5054.0,18.0,YES,INCLUDE,BATCH_B24
REC_1366,REC_1366.md,9E621EAB534B4F5675924024746B35FF002CCC924EC6F2FD10C0C05FDE60BFB7,4602.0,18.0,YES,INCLUDE,BATCH_B24
REC_1370,REC_1370.md,B13D3B8FBFD34A9262C1F7A911949FEA903260F9EE72E956B51DA0069B6FE365,5647.0,18.0,YES,INCLUDE,BATCH_B24
REC_1373,REC_1373.md,4970A5C9E4AB9E64BA6C7129BD61ECCC633967AC7C683451E72BB1CA5D1B64E6,5295.0,18.0,YES,INCLUDE,BATCH_B24
REC_1378,REC_1378.md,4242679BDE9EFB20C27E7E00497A11516ED99D526059CBAE6C0029796D5AA126,4838.0,18.0,YES,INCLUDE,BATCH_B24
REC_1393,REC_1393.md,BC409850ECC6F692ED16715EBD401900B71CEF64BA9B23CC0CE321B9B531AECA,5929.0,18.0,YES,INCLUDE,BATCH_B24
REC_1399,REC_1399.md,4267FC55F781DB6F4E1667F2A8D8EC047FB9B96CB5923DE129254E8E0BD3F8B9,4761.0,18.0,YES,INCLUDE,BATCH_B25
REC_1402,REC_1402.md,ECAF4E69A76A4DDFA7476A7E8032AC2B041B1C9284BEDB3DEFF0B819252BCFF6,5491.0,18.0,YES,INCLUDE,BATCH_B25
REC_1403,REC_1403.md,07D9FFDFB1E965EB5AB57B0E434E30C97DBD3BC657E7D127289A0F6679D3026F,4549.0,18.0,YES,INCLUDE,BATCH_B25
REC_1405,REC_1405.md,F5D615AED1F57F89ACFE325A3EA7D2B76F0A70A2B0E460806756BB41E58C72B4,5089.0,18.0,YES,INCLUDE,BATCH_B25
REC_1417,REC_1417.md,9C78F7B7763B3DCEA296921BB21D39916DD79DACF79CA143274869786B35581B,4097.0,18.0,YES,INCLUDE,BATCH_B25
REC_1423,REC_1423.md,AC630AF6AB16DDFBFED2F8842E4D50D8E5B42FA4CF8325A70759F2A10F70F5AD,4435.0,18.0,YES,INCLUDE,BATCH_B25
REC_1429,REC_1429.md,2864ABD79D302D2280EC312092D56947B01357F9A7DE1D11A1147A31911FC22B,5008.0,18.0,YES,INCLUDE,BATCH_B25
REC_1431,REC_1431.md,0F466F337ED9CA6D32F0BA3053517B4D6E53580FFC940089BFA91E8BFD7B6F11,4331.0,18.0,YES,INCLUDE,BATCH_B25
REC_1432,REC_1432.md,359C8DB1D09A464442823870AFBC8F78B37F5AB0BC07B4FB779FB96AC590EFBF,3870.0,18.0,YES,INCLUDE,BATCH_B25
REC_1435,REC_1435.md,C4EACD97E64C0A394991C8AFA31E51C5FB0CB4A1BDBE6FC01721A9C5E8092882,4296.0,18.0,YES,INCLUDE,BATCH_B25
REC_1438,REC_1438.md,E8518095F95118D3B93D0EEE34754F9138D141846C7EF92BC2E293E99CE6FB2A,3399.0,18.0,YES,INCLUDE,BATCH_B26
REC_1439,REC_1439.md,341EFE1B80E4E3942739F9A0D8716F76B535DA22D2F709E77B59596BAB36669C,5890.0,18.0,YES,INCLUDE,BATCH_B26
REC_1443,REC_1443.md,819B6489EBBB8C8C2C2527C150355B6FC6E78CB4827BF64EE31E19BA97FB6DD4,5169.0,18.0,YES,INCLUDE,BATCH_B26
REC_1451,REC_1451.md,75013089E068AD706EA9C1D9AAC9889613FF9BA92E341256A34B40A00EFF93DC,4396.0,18.0,YES,INCLUDE,BATCH_B26
REC_1453,REC_1453.md,B25AE7272D3B8767C637283081D83E03D0EC4D7B9E6961970263E0570EF32697,6759.0,18.0,YES,INCLUDE,BATCH_B26
REC_1454,REC_1454.md,19384EC5F42D082D1ED5285D60DB2A1EC31249B8DB0DA62C8F4216F9E5E44018,5855.0,18.0,YES,INCLUDE,BATCH_B26
REC_1455,REC_1455.md,43E3143E1AFA13A52635FB0A3838FB644A986F811029A544267004669190DFF1,6114.0,18.0,YES,INCLUDE,BATCH_B26
REC_1459,REC_1459.md,0B9D8AD9EE57DD9B2EB6540C87F587DBB4B637BD5200F4E91308D592920CAB43,5178.0,18.0,YES,INCLUDE,BATCH_B26
REC_1463,REC_1463.md,2A5FA6A6DEC88B0D0FA75FF398445E220F607BFA7284A63D2F10A72F2FE2418F,6061.0,18.0,YES,INCLUDE,BATCH_B26
REC_1474,REC_1474.md,AB0870C762DE84BF5FDC1BDADD35C02A0E48ED188290B26ED81AC309C644398A,6175.0,18.0,YES,INCLUDE,BATCH_B26
REC_1480,REC_1480.md,61EB6982AB02BD11CA368D7EA17584EBB6ACC4EE7630C21C450E5A12A176A714,4995.0,18.0,YES,INCLUDE,BATCH_B27
REC_1502,REC_1502.md,38714666128C8D29DC0BCC98B696587872133A993A8EF2F680F0621BA9E338D8,5072.0,18.0,YES,INCLUDE,BATCH_B27
REC_1512,REC_1512.md,6C34889F69327D283B934385985C17DCC9B9A99A8C4CFB95398246487D0A8381,5612.0,18.0,YES,INCLUDE,BATCH_B27
REC_1541,REC_1541.md,269B28A2580B9BE59655F488C835EDC960D6AF9B6AEA423950722C180AFA29C5,4628.0,18.0,YES,INCLUDE,BATCH_B27
REC_1557,REC_1557.md,5A9DE3292EF91428C6D9A3E13E3F874884CAE19EEA5EBD7CADD94547C77679E0,4287.0,18.0,YES,INCLUDE,BATCH_B27
REC_1561,REC_1561.md,79C1A7612C4A30ADB31366E29FA4919A12DD8D03E547EE4D5383ECD4CF902D79,4442.0,18.0,YES,INCLUDE,BATCH_B27
REC_1564,REC_1564.md,DDF7664D6886FD30DD4B0A0AEABB31ECD13AD8EAE2C33AE4DF4DCF42152C3CE3,6419.0,18.0,YES,INCLUDE,BATCH_B27
REC_1573,REC_1573.md,D2F5A996F0971DCE57E63D83BB03137895D4F760A27A266A4AFD6B9547D02A4C,5298.0,18.0,YES,INCLUDE,BATCH_B27
REC_1576,REC_1576.md,9905765E0065AE625B0DE95DCFBA6F8960A85B56D10B6521B79AF73BEAD486D4,4345.0,18.0,YES,INCLUDE,BATCH_B27
REC_1587,REC_1587.md,93360C93A62B62E6F1E51BDC49BCB2900ACEAC6CFBDF90873060120B8BF79C1F,5214.0,18.0,YES,INCLUDE,BATCH_B27
REC_1608,REC_1608.md,D65B7AD35E3552B10A9AE64FB7628FCF3F4CEA2D0380DE4024B7E7BDE76A3128,5046.0,18.0,YES,INCLUDE,BATCH_B28
REC_1612,REC_1612.md,4AC9C93643A0CE601E3D1C7C59D822BCB8E78811144BBAE794DF518E7ED9DF5D,4419.0,18.0,YES,INCLUDE,BATCH_B28
REC_1619,REC_1619.md,D7F50562DEDBCD9D17CBDA38A018563ABA96992EA02ED3C4A3FBBE70FB4FE33B,6854.0,18.0,YES,INCLUDE,BATCH_B28
REC_1637,REC_1637.md,1377ACEA3518503B002F135F986F1621E5048978FA5E36AAE4A67B1FBB85BFC6,4442.0,18.0,YES,INCLUDE,BATCH_B28
REC_1640,REC_1640.md,4A1FCC9730CF5B02BB4A6A20839223F25D05B9AE96F71256EA08340B3E6B3374,7167.0,18.0,YES,INCLUDE,BATCH_B28
REC_1642,REC_1642.md,BCED773130B9165BA95F0F199F7E395740CB1C012DC52B29B650629B5D42A3E0,4822.0,18.0,YES,INCLUDE,BATCH_B28
REC_1653,REC_1653.md,08E4792A7A14C37C49B401BE7D9D2A2E2E5558DB3FD5D94178699633E170DCF6,5395.0,18.0,YES,INCLUDE,BATCH_B28
REC_1660,REC_1660.md,92AF8165BE5B28FACBC7D1F05B106FAA93B529DEF15AF2E3E426973AAC2D1DBF,5139.0,18.0,YES,INCLUDE,BATCH_B28
REC_1667,REC_1667.md,CDD2413CA5C7A34141277A255D0EEA048539B6131614FC972981B5E26FA6D77C,4905.0,18.0,NO,INCLUDE,NONE
REC_1678,REC_1678.md,C00DCE44A769FE9A92A60D7C329C6D4E2EE105E1D55CA8F37DE4DB1AD66F0F1B,5421.0,18.0,YES,INCLUDE,BATCH_B28
REC_1582,REC_1582.md,0ECEA0F9E1DE8114C8EAEC95E94D0CB1885359EA53C832B9FA33D8BAFCB84340,3395.0,18.0,YES,INCLUDE,BATCH_B29
REC_1688,REC_1688.md,E7D11D9A307635F035078300B96424F3462EA6ED4EDB8130028E01FF93EABF36,5874.0,18.0,NO,EXCLUDE,BATCH_B29
REC_1715,REC_1715.md,9F077975ED9165A489D21433A8E7043C285E4DFD709742FF8D6A6FB16BC054A9,4038.0,18.0,YES,INCLUDE,BATCH_B29
