id,file,sha256,size_bytes,verified,status,change_reason
REC_0001,REC_0001.md,AFCD66E7256529E2E460A12CED18A87A097DBB20842F65FC1B8C4ABAAD3569CF,8042,PASS,INCLUDE,manifest regenerated 2026-10-02
REC_0003,REC_0003.md,EFEF692DE4ED5D9BC607DBC7A2111B5DD01A279DBB1B0415125C681EDB61719F,7310,PASS,INCLUDE,manifest regenerated 2026-10-02
REC_0006,REC_0006.md,198F54BC7DCAC1F5FFF8A2D7E73334128374293D6D3E7834C413FD718B1E52C4,7030,PASS,INCLUDE,manifest regenerated 2026-10-02
REC_0008,REC_0008.md,2BF7A270C221A6475F073306B9EF2DD4AE93F1C3DCDFAD87F2B3FD37BA82F471,5907,PASS,INCLUDE,manifest regenerated 2026-10-02
REC_0010,REC_0010.md,32F933FCF898AD154D323589E8514B935EC64377D7A3423EA0FC10EEB0B19B51,6407,PASS,INCLUDE,manifest regenerated 2026-10-02
REC_0013,REC_0013.md,46B08E132C67A9EF60D5619AA1BF0088543D8F68B52BE117CA0C1121EACD2155,7732,PASS,INCLUDE,manifest regenerated 2026-10-02
REC_0017,REC_0017.md,DA1C0F66544B014B3BC68DBFFC48248885B55E113456398CE1657AE0389AEB77,7337,PASS,INCLUDE,manifest regenerated 2026-10-02
REC_0022,REC_0022.md,949F700ABCC19703B1159B79F076656010D62B9281CAFC4A4F8291ADCDAE0E23,7788,PASS,INCLUDE,manifest regenerated 2026-10-02
REC_0023,REC_0023.md,41AAFF277F62BA4B941AB566E1348ACA1B80DBC62E7E8A7DCF2C2BFB98E16CB1,4471,PASS,INCLUDE,manifest regenerated 2026-10-02
REC_0025,REC_0025.md,B488A8DD93F68C9C58E091F338543D2A7FC45C6E95B92057B2B1177EF1EEE03D,7552,PASS,INCLUDE,manifest regenerated 2026-10-02
REC_0028,REC_0028.md,AA2108FB0952F659748189F76F5AFED7E349909FE1EA27384AC3DF63EA32BB1E,8143,PASS,INCLUDE,manifest regenerated 2026-10-02
REC_0035,REC_0035.md,185AA32E397BBE6E98B49197B9AF873F163C9805304D9A49BFA46B4A4163B828,4150,PASS,INCLUDE,manifest regenerated 2026-10-02
REC_0037,REC_0037.md,EE65F3FEF1DEBD8B34BF39F6B9AEF4BB85154DDA2F4040EF24FCB92D4C029A95,6597,PASS,INCLUDE,manifest regenerated 2026-10-02
REC_0041,REC_0041.md,77BE0C38725236BDE4686B6C3F2586FF9863C58123985BDB9E8619B205273204,6412,PASS,INCLUDE,manifest regenerated 2026-10-02
REC_0043,REC_0043.md,BAE860BB7B307FD30612BB874722E59D7025E0BF47C5E3D0E6DCA0AEC490C688,5497,PASS,INCLUDE,manifest regenerated 2026-10-02
REC_0053,REC_0053.md,3D7B2965E09A4DAA3E7A6F6834522EA9AD871835EEE4742EF272359733068B46,3418,PASS,EXCLUDE,manifest regenerated 2026-10-02
REC_0057,REC_0057.md,2C15B9755ACEDAE1C9E07EC6304533911A8A8AF190C769CB86ACFE43B8BE850C,5640,PASS,INCLUDE,manifest regenerated 2026-10-02
REC_0064,REC_0064.md,518E26E22EF69D7E572CF96FAFD4EC6032232F23265AE063492124250F371333,6994,PASS,INCLUDE,manifest regenerated 2026-10-02
REC_0065,REC_0065.md,FAA74DCA429467FB20B7724340E66BBC13745119832B5815D737324AC56B9ED5,6173,PASS,INCLUDE,manifest regenerated 2026-10-02
REC_0066,REC_0066.md,224406F5B5206B04D0878030D8DCBBF4FFE76AD034C6B7C11DC3C37FDD5CE74B,6408,PASS,INCLUDE,manifest regenerated 2026-10-02
REC_0071,REC_0071.md,E27BB88CF46213A970990611737D9D2C3A17C7541285785F842DBCC075EE26F9,5562,PASS,INCLUDE,manifest regenerated 2026-10-02
REC_0077,REC_0077.md,8F6324EB563F540FBB528122CA4E33EC8D721460F9C92368D01A3BE2757DDC57,5570,PASS,INCLUDE,manifest regenerated 2026-10-02
REC_0080,REC_0080.md,B6058A65B2B4068568D98EF5B424FAB7DAB2A028C8E8EAFEBD369B354005CC91,5462,PASS,INCLUDE,manifest regenerated 2026-10-02
REC_0084,REC_0084.md,6EE65FCB08A736A75826AF2750D5B6248A10B783B6CA0976B33ED366CB1DE13C,5495,PASS,INCLUDE,manifest regenerated 2026-10-02
REC_0095,REC_0095.md,6B4E0DFC024BDDB20FE849689216F5B3EF3B492E6EC73E7758C2950DD8BA483C,5554,PASS,INCLUDE,manifest regenerated 2026-10-02
REC_0096,REC_0096.md,CF61797ABAFD1D60D6851E31B2168D052E6158F213114581B7EC9B47317256F5,5857,PASS,INCLUDE,manifest regenerated 2026-10-02
REC_0102,REC_0102.md,EAD736BB2364A552049669EEEE648B20FD73A85A3828DA9DD6BA405879353382,5176,PASS,INCLUDE,manifest regenerated 2026-10-02
REC_0107,REC_0107.md,BF431B3D3136711C22929552B821D0AB7DD6277CB57B97D9597FE23D4F69611B,5837,PASS,INCLUDE,manifest regenerated 2026-10-02
REC_0111,REC_0111.md,9C4F177AC0749D49A9E6FB1A415F0AF90F563ECF7D5DCE6FE5084F4C55F0F04D,4747,PASS,INCLUDE,manifest regenerated 2026-10-02
REC_0115,REC_0115.md,370C93024E937CD7ABA06B97131BB8A26E0F8A43CE1916A4992916E15E7864B7,5094,PASS,INCLUDE,manifest regenerated 2026-10-02
REC_0118,REC_0118.md,6B7975ECD44ED1288F4BA610FDCFE6A9BD022BD17FB95CDE8FBC8295602ED71E,5337,PASS,INCLUDE,manifest regenerated 2026-10-02
REC_0123,REC_0123.md,4D5C828D09ADD4286804D8270705BAE5A3FCA8C770CA32D0F3049342B44A3327,3821,PASS,INCLUDE,manifest regenerated 2026-10-02
REC_0131,REC_0131.md,8268C73CB854DC276300A1008637B21D1B466394B3C9F91E6438FFF5214CDCED,5278,PASS,INCLUDE,manifest regenerated 2026-10-02
REC_0138,REC_0138.md,1AAF5C2F101AC9DFADEF412D3E9060BBAD2EE20327DAC66B2D20E4767EB4576C,4879,PASS,INCLUDE,manifest regenerated 2026-10-02
REC_0149,REC_0149.md,40C43CC084F0E91AB40A2C49004AA34DE2688AAAFCB3390CE36DD3E6EB22785B,4807,PASS,INCLUDE,manifest regenerated 2026-10-02
REC_0155,REC_0155.md,900E0D610DDBC6C39D8180EA582D62C8D853078F65024715B5CA6542AEE68E6F,5299,PASS,INCLUDE,manifest regenerated 2026-10-02
REC_0161,REC_0161.md,9D27585A9059E0846B57F9E379B0CC71BE9318F7878FC2667D85EBF6759BEB4D,4755,PASS,INCLUDE,manifest regenerated 2026-10-02
REC_0165,REC_0165.md,3E549C7FEA644FBA18542DCE6E43E7BF079D9A5D3AB0BEFA6EC6E16DFFABED3E,3926,PASS,INCLUDE,manifest regenerated 2026-10-02
REC_0179,REC_0179.md,D8CD85ED53045878F24CCD837E8F5322986E6E76CCA16131810C5845F82D2E4F,5296,PASS,INCLUDE,manifest regenerated 2026-10-02
REC_0195,REC_0195.md,D357569F270C089847C2E340B128995B00AAECCB968C7172989C9062E959498F,4909,PASS,INCLUDE,manifest regenerated 2026-10-02
REC_0196,REC_0196.md,7B24D9359355635AFED01D52966DDFF8D765F6B909A7C12FDEEC4B95D4BF403A,3966,PASS,INCLUDE,manifest regenerated 2026-10-02
REC_0202,REC_0202.md,CEFDBF1133B27BD31D1299780E7614A8387463C7ACB9A0717BF0AD39A9852B66,3215,PASS,INCLUDE,manifest regenerated 2026-10-02
REC_0208,REC_0208.md,1B887E13F314CAA044B243098DDB008C9DB6ABCAC64B2AC5DEF7CB6DAB9E84C9,4738,PASS,INCLUDE,manifest regenerated 2026-10-02
REC_0211,REC_0211.md,C9FD858A7E765F86394A5D9D41BD83691EBB8F4CF3F96E642CA0DAAE2692DEF7,4597,PASS,INCLUDE,manifest regenerated 2026-10-02
REC_0213,REC_0213.md,F540AB1265FEB3709B4A6A3BD526664414B40C4642AAF313E10D0DBE15389DF1,4864,PASS,INCLUDE,manifest regenerated 2026-10-02
REC_0215,REC_0215.md,1E6EEB78152ACBF60D1E3F6DDC6187BF9120DD867A6E22E0CEAD70677127281C,4515,PASS,INCLUDE,manifest regenerated 2026-10-02
REC_0218,REC_0218.md,98A3D16C93246AE11542340599B30B6E6D61861D214F41E9B2B76C2627B9E7CD,5076,PASS,INCLUDE,manifest regenerated 2026-10-02
REC_0239,REC_0239.md,2DBABC43CA5109494C4FE582A4E64E81CC3F04721CD4CD95F39C845B327261B3,3704,PASS,INCLUDE,manifest regenerated 2026-10-02
REC_0242,REC_0242.md,C30F318671D92F3141A7FF4472799736F4AA6D2C783B58BB22ADD54C8D35B07C,3516,PASS,INCLUDE,manifest regenerated 2026-10-02
REC_0244,REC_0244.md,0715DA1209F26167EC55994EBBB48EE2178B38334C75C7CFAA285AF5A1C6097D,4674,PASS,INCLUDE,manifest regenerated 2026-10-02
REC_0246,REC_0246.md,9AABE701EA01256DA59527E9DDB3C092DC25AB3583606E7809DC4BEE1EB3321D,5307,PASS,INCLUDE,manifest regenerated 2026-10-02
REC_0255,REC_0255.md,824AD37B16D56E700C1A4E03CA0BECBC0F5595C7B67A63C8FB018D0C54F8F911,4109,PASS,INCLUDE,manifest regenerated 2026-10-02
REC_0264,REC_0264.md,28BF4A8921846585630E64B58D4A69504CB5B59998BB2C3D5D9EB96B84ACE6BB,5546,PASS,INCLUDE,manifest regenerated 2026-10-02
REC_0271,REC_0271.md,A80C8561A62E002E461BC3317987541BD0E5A16FEA32DC2F54AB41BF20ACFEA7,5001,PASS,INCLUDE,manifest regenerated 2026-10-02
REC_0274,REC_0274.md,9D68BD7AE0323CA9B257113CA5DD6671EF5098541F725B6D90FB1F3374CB8DBC,2924,PASS,INCLUDE,manifest regenerated 2026-10-02
REC_0278,REC_0278.md,68636C40B20A95201E24DDCE5476BC0BAF66DFFE0B1D3F825796B4B77BE1AA33,5043,PASS,INCLUDE,manifest regenerated 2026-10-02
REC_0281,REC_0281.md,F99A941A33089290A5DEA9A7B9917933801FE6EEF5A31750B0DF7AEB15ED7219,5447,PASS,INCLUDE,manifest regenerated 2026-10-02
REC_0289,REC_0289.md,6A9B412B52613A403CF19CF79AA3D751CE861B1890A112BAA458EAC2E602EFD3,4881,PASS,INCLUDE,manifest regenerated 2026-10-02
REC_0294,REC_0294.md,143D260E419D60A9A886AE0AAA156057F4BAB91018C5E99B1E0391D040864BEC,4867,PASS,INCLUDE,manifest regenerated 2026-10-02
REC_0296,REC_0296.md,2BC99FCE71171AEA12FDBAD9BF576DDFF38BF8CBE53927EAD6E4AD3736692596,3757,PASS,INCLUDE,manifest regenerated 2026-10-02
REC_0305,REC_0305.md,F030AA3138BBBA47400274B81F41A277FF774D0FAE5F6850F9FE30D1C728CF18,4411,PASS,INCLUDE,manifest regenerated 2026-10-02
REC_0318,REC_0318.md,8C5B646BE7A6FA8AF21B466AE0E1047899043FA5048577B3EBF4F3A29EB67F2F,3576,PASS,INCLUDE,manifest regenerated 2026-10-02
REC_0332,REC_0332.md,47E7DF0A09D262E32D9BCA63DE46AA95EA858F6B638AECA1E73F7DF9B223CDDD,4332,PASS,INCLUDE,manifest regenerated 2026-10-02
REC_0343,REC_0343.md,5830165DB6A1F56DEA1BC1401545D71A093DA54D2B90AF0C1CAA7DA060263814,4738,PASS,INCLUDE,manifest regenerated 2026-10-02
REC_0345,REC_0345.md,AD5C9AE9CED3ED9A85B02CD9C60B78F6F8E2A33A3379EA50728B397E8050AE7B,4285,PASS,INCLUDE,manifest regenerated 2026-10-02
REC_0346,REC_0346.md,2C1D7DA7E454432B73356201199E2312E75FF0B588800CBA38B20FE7DEBA0B5D,4431,PASS,INCLUDE,manifest regenerated 2026-10-02
REC_0347,REC_0347.md,B3A08881B5A04D5321A7C100725995169D398E4A76740FECF04689F9E9DEBF6E,4457,PASS,INCLUDE,manifest regenerated 2026-10-02
REC_0362,REC_0362.md,1EE816E71153CAC00B55A7F99816D48B98477FE51E6D8B9C9ADFC364D19C004C,4974,PASS,INCLUDE,manifest regenerated 2026-10-02
REC_0363,REC_0363.md,188D44235C63D653DB96F7EE3F32C700F483DB7B7FC64BC551963B1083A5EA59,4005,PASS,INCLUDE,manifest regenerated 2026-10-02
REC_0369,REC_0369.md,1E76340F0BD7CC02D99A14460827D9A267AACEBFB946B99CACF0235090F07EF4,5644,PASS,INCLUDE,manifest regenerated 2026-10-02
REC_0388,REC_0388.md,D8C513A786582D86528DFA64658D87FDFB7A6A1B3C26D3E6AE0F8F2D94004629,4363,PASS,INCLUDE,manifest regenerated 2026-10-02
REC_0391,REC_0391.md,B97A63D992D28B76F731349D51AD1D73673244CB029EEE55376DBFC3143C2A0F,4969,PASS,INCLUDE,manifest regenerated 2026-10-02
REC_0409,REC_0409.md,5374838FE4D4C0A25E5C58FB8B9C823E03993298C317EE5E9676D4E5E37C03A9,5651,PASS,INCLUDE,manifest regenerated 2026-10-02
REC_0426,REC_0426.md,226D3B9202CE378D87B05E4E5609C711694DB924C0B125070BA341EB9B7FD313,4186,PASS,INCLUDE,manifest regenerated 2026-10-02
REC_0438,REC_0438.md,CBCBAB59B0C06B962E7FE0CD2CC2D05595160C162CB29F1AFC02C00A7D3F3802,5314,PASS,INCLUDE,manifest regenerated 2026-10-02
REC_0444,REC_0444.md,DFB873448E597534A65F81D0A9A59D68F7E4CF55B9B1C0D8BC6999C52A1968A7,4688,PASS,INCLUDE,manifest regenerated 2026-10-02
REC_0455,REC_0455.md,7342DC94F3A45D2484DBE5293642086F62BDA3B432EEF3164127539375AA74C0,4881,PASS,INCLUDE,manifest regenerated 2026-10-02
REC_0459,REC_0459.md,D9A2A79BC5AF8DE015ED9330F5BE1E2955342260F2944264A9DB5722B0854B15,3465,PASS,INCLUDE,manifest regenerated 2026-10-02
REC_0461,REC_0461.md,50D24C7FC2693FC444D4D33957D97F41A089BF784C3F44BF57E9262DBB2BF2D9,3535,PASS,INCLUDE,manifest regenerated 2026-10-02
REC_0464,REC_0464.md,76A1A0181152B02EA98122A868B192F2D5E1A1EC3C585CA68623541DEDA36DA0,4830,PASS,INCLUDE,manifest regenerated 2026-10-02
REC_0469,REC_0469.md,28E800A6593C64BA764885EC6D0CD0863B12B4969467D52536C4E5EAB8CA365A,4969,PASS,INCLUDE,manifest regenerated 2026-10-02
REC_0475,REC_0475.md,4378B4B5319E4AC739AB3BE9FB4869834769C4C065A9AA1B55F079EC1C758D80,4775,PASS,INCLUDE,manifest regenerated 2026-10-02
REC_0481,REC_0481.md,928B2A36D1F8CB002AD5B75377560AA3F3DEEEC5614FD0633E745C352F4A951A,6271,PASS,INCLUDE,manifest regenerated 2026-10-02
REC_0485,REC_0485.md,41E58667BA1CE4E66C88101B1CD245F0C878E4348CBCADC725087E693C8F15AB,5014,PASS,INCLUDE,manifest regenerated 2026-10-02
REC_0489,REC_0489.md,A8E853CF4D090B16D21CC8A6B624E6775D6FE746E1DC242F9C7C9AAF4A43CAF6,7249,PASS,INCLUDE,manifest regenerated 2026-10-02
REC_0502,REC_0502.md,15A00351470ED5928875D4875C26C73D8F4CCED7F557FB95A7A3078F23287B9D,6776,PASS,INCLUDE,manifest regenerated 2026-10-02
REC_0503,REC_0503.md,F66E33B7433676F205EA8727A5AACD7E7365E61623F7D1BA32A213C43618B3D1,5363,PASS,INCLUDE,manifest regenerated 2026-10-02
REC_0534,REC_0534.md,30CE181BCD5C8E375BCC48F4E11303B8A6C8E02BDB8A411E9768BD120B01933B,4927,PASS,INCLUDE,manifest regenerated 2026-10-02
REC_0537,REC_0537.md,D4A1BC75E18F49E0BF13F20C042E26FDE8813D5DD3188F61A469371DF2F9F120,4790,PASS,INCLUDE,manifest regenerated 2026-10-02
REC_0544,REC_0544.md,F86E41C590D9C77977DAC847370A593E4749A6D222840B71E76A16CC7248032E,6284,PASS,INCLUDE,manifest regenerated 2026-10-02
REC_0572,REC_0572.md,B9EAEE6A75DF1D461DD180590E0CC755FBBFC094A7F1A6A4D72CEA184D8FCB39,4387,PASS,INCLUDE,manifest regenerated 2026-10-02
REC_0594,REC_0594.md,3B8C17DD7158D7866B58C460384CFFDE836F409F76F076924EE352A1A19F18B4,6812,PASS,INCLUDE,manifest regenerated 2026-10-02
REC_0598,REC_0598.md,1A128FCBF3B8AC3E7E3846EF6CE73D6A9C88641553039F6F6F950DAE11848D98,5485,PASS,INCLUDE,manifest regenerated 2026-10-02
REC_0617,REC_0617.md,080ACFDACEF10A9907EF6FAC68586C8E70E725A34F5D19B6F2EE10D3F9CE4585,5289,PASS,INCLUDE,manifest regenerated 2026-10-02
REC_0620,REC_0620.md,D6F3201A030DF772D1A44FD622415E4F239082F52965E51344E7B50FAD3350D8,5420,PASS,INCLUDE,manifest regenerated 2026-10-02
REC_0622,REC_0622.md,F5134790B7FB314718E6EF1EC659AF2EFB9D647A442909DAE111924A1BE9E2F3,5585,PASS,INCLUDE,manifest regenerated 2026-10-02
REC_0631,REC_0631.md,5792A2639FF2298B68BD9B4AAA348578061E0B5ABE0BA98CD265354A2F0B3C41,3113,PASS,INCLUDE,manifest regenerated 2026-10-02
REC_0639,REC_0639.md,2F5A1BB57C9F38F4915F7898838BE68E939D19E3C7B6CC50927ECD70D0D9871C,5714,PASS,INCLUDE,manifest regenerated 2026-10-02
REC_0644,REC_0644.md,213EDD31C6DE83B4E909A1908EB075C785BD82F089A8106E0BBB08DA9FCE5799,5231,PASS,INCLUDE,manifest regenerated 2026-10-02
REC_0647,REC_0647.md,FD9B0F7C4561B95B7073D3DFF479B2108CDB94BE7C9BFD960E584FFC07D0CA03,6224,PASS,INCLUDE,manifest regenerated 2026-10-02
REC_0652,REC_0652.md,17BDAF5C4FA7BC0761CCDEB2D91503F1410713B30477E67EEBBDA7A76FB03D4A,5157,PASS,INCLUDE,manifest regenerated 2026-10-02
REC_0656,REC_0656.md,C0A7E84416302D8ED68B4640DFF703CFD5FB7240D063EF477BC15E69477AF133,5054,PASS,INCLUDE,manifest regenerated 2026-10-02
REC_0687,REC_0687.md,819555FFAADDE5D67AD5787A89068C59B3CE2C376323C03D20C56CF917F68973,4998,PASS,INCLUDE,manifest regenerated 2026-10-02
REC_0688,REC_0688.md,B4767B5918EE4296274B61BD2748DA8459AAE95BF926367A0D4F916D4BC78116,5380,PASS,INCLUDE,manifest regenerated 2026-10-02
REC_0693,REC_0693.md,FFE4044F196A98275D7212C701F12551747A6C18E08ABEE4CFF2CE93AF81147F,4068,PASS,EXCLUDE,manifest regenerated 2026-10-02
REC_0701,REC_0701.md,CAF9D8D4F4694A2D1AA08DACFE85F3F4226C26868756C26B392B87BAA53DB20E,4847,PASS,INCLUDE,manifest regenerated 2026-10-02
REC_0705,REC_0705.md,E99ECF5C2B0D0A3090A778133F32656A626C293063A0957F5F1C2F7DCA1EC7CF,5176,PASS,INCLUDE,manifest regenerated 2026-10-02
REC_0706,REC_0706.md,7969E535D86DF334BD980701A32D96AA28B954B05EDA9ECAC4763F9556820406,3832,PASS,INCLUDE,manifest regenerated 2026-10-02
REC_0713,REC_0713.md,B9733D2C30C4BA6E26DBEDBC39514A61EAEFAD8A50459865E71482C7E850AE41,5023,PASS,INCLUDE,manifest regenerated 2026-10-02
REC_0716,REC_0716.md,6B8C3A378B2E9BEA357EDCF1ABDC6274FD112B26D7AC975D3E4F16E005DCA7CD,4568,PASS,INCLUDE,manifest regenerated 2026-10-02
REC_0719,REC_0719.md,82E2CC20DDBCBEE1D5798C7B805391682D483A5372ED1CB30035D9B3D8EDB5A5,4131,PASS,INCLUDE,manifest regenerated 2026-10-02
REC_0752,REC_0752.md,CA0943736DA6139BB43B0558042F1F34E7256BC6C666749398C9DA0A2E64FBCE,4773,PASS,INCLUDE,manifest regenerated 2026-10-02
REC_0814,REC_0814.md,8FB2677855C114084EF127D50C965879189C76FD3BC48B04418ED08B3ED0284E,4784,PASS,INCLUDE,manifest regenerated 2026-10-02
REC_0816,REC_0816.md,C8B7ED97E81674B35C2041E858A72D3D30B4CD5A91819EAFD6A44C3D43678849,5483,PASS,INCLUDE,manifest regenerated 2026-10-02
REC_0824,REC_0824.md,18D1B882F4F6295797CAFAA843E050057145042D620433D5DA46C6B93A99E53E,5113,PASS,INCLUDE,manifest regenerated 2026-10-02
REC_0840,REC_0840.md,4C6B9E53BD86408BC5128A4F8CCA8AEAA2A96A95BD73900BCB0818C704B0E983,4152,PASS,INCLUDE,manifest regenerated 2026-10-02
REC_0857,REC_0857.md,42D5E6FAC22C45349916DD3A24C41C560280778B9C637D3DAF51575105537B2F,5011,PASS,INCLUDE,manifest regenerated 2026-10-02
REC_0859,REC_0859.md,98384EB17B75C6AD863B37EF138E401C653C1488D8301C019C23ACEE8E5AC4C4,4295,PASS,INCLUDE,manifest regenerated 2026-10-02
REC_0866,REC_0866.md,9C6614FB6172CAC20F64643F9DAE4D935C104C7122E6F2A63CFA47F4C0B99C0F,4157,PASS,EXCLUDE,manifest regenerated 2026-10-02
REC_0870,REC_0870.md,18765EC2579AE35805DE4C44383D5CE689B0D5356B36E43B0E445126347578B6,4316,PASS,INCLUDE,manifest regenerated 2026-10-02
REC_0896,REC_0896.md,2687E6D0C3E13CE2545A6334D99EBDA7EA75582737CBCF4E9DC50B385E12A32F,4300,PASS,INCLUDE,manifest regenerated 2026-10-02
REC_0932,REC_0932.md,212305259D83CE8A37E466193D78FBA09C7690F736DBDE96805B34DA5214A21E,4432,PASS,INCLUDE,manifest regenerated 2026-10-02
REC_0951,REC_0951.md,9DC22EE8D5B2C443C87E3887D1003121F018775EEEE5E1BDB685C88B1A00A6F4,5230,PASS,INCLUDE,manifest regenerated 2026-10-02
REC_0960,REC_0960.md,12C9F87F10A9E243DE84CB0A667A69452CAC1BE3B884344858FE842F91C211F9,4570,PASS,INCLUDE,manifest regenerated 2026-10-02
REC_0961,REC_0961.md,90E90FB494C3D2029CAD3B4CC32613C11D98CE6E5710D9FF719E7F206206B404,4833,PASS,INCLUDE,manifest regenerated 2026-10-02
REC_0973,REC_0973.md,12B29BE35C37A1F6C955C1FF0AB4C4727AC5853C3E988F9125DC58E4C3E2063D,4279,PASS,INCLUDE,manifest regenerated 2026-10-02
REC_0981,REC_0981.md,8ED3051D6FDB59C18185C54D727742A8C21FC6FC5DF2D2881A5531463A197F95,3952,PASS,INCLUDE,manifest regenerated 2026-10-02
REC_0986,REC_0986.md,173733E17644DD73A807BC678540D1BE0ED1F97D780A58482F52862C12A7B30C,4730,PASS,INCLUDE,manifest regenerated 2026-10-02
REC_0993,REC_0993.md,CF925E489F9624C8283C29062A72CD53F877B0312F842DE44043E04F54E8A1D3,5497,PASS,INCLUDE,manifest regenerated 2026-10-02
REC_0994,REC_0994.md,30BD24BADDB033BD7587EC90DDA3C90D7A39751E027A4A9D1920A05DC5178610,4798,PASS,INCLUDE,manifest regenerated 2026-10-02
REC_0995,REC_0995.md,5F05E9F4BAA40BB2853DD40A94B6F8F428D75A4FA2657F05A18B6A56DFDBAA3E,4794,PASS,INCLUDE,manifest regenerated 2026-10-02
REC_1001,REC_1001.md,D52E60E1A1AF836A516864798E0C0A209E0894248AD220E2F194BCCE8E236618,4638,PASS,INCLUDE,manifest regenerated 2026-10-02
REC_1002,REC_1002.md,46F91416FF464B181210E0A0515E013210FED6BE4E1FFB198FF2D3F308B0CC09,4299,PASS,INCLUDE,manifest regenerated 2026-10-02
REC_1006,REC_1006.md,B18A9BF4C601D9867584FF332FF553FC8FA3B2EDF2B78523C3547B3425DD485E,4372,PASS,INCLUDE,manifest regenerated 2026-10-02
REC_1007,REC_1007.md,FC1989AB863FF33454122374B4C49943E933960849B858948B1FDE028EB956B3,4664,PASS,INCLUDE,manifest regenerated 2026-10-02
REC_1011,REC_1011.md,5BCD3950F1409BE625F44782DC219D249C010CF525ADFF7F3F01EEB0D10F7A38,5152,PASS,INCLUDE,manifest regenerated 2026-10-02
REC_1014,REC_1014.md,A2E9C84797619E7E77752F9A6263EF1998038E1E811214987BC30E51FC4B829B,4788,PASS,INCLUDE,manifest regenerated 2026-10-02
REC_1017,REC_1017.md,53554841A14CBB65D98D50AC1078500265623155C2BC885BC41DDE2CB28A1322,4568,PASS,INCLUDE,manifest regenerated 2026-10-02
REC_1018,REC_1018.md,814C5458CB0E7C8BA45B81C348A966B9F677EC57C1F392BA53AB69EF4EEC81BA,5047,PASS,INCLUDE,manifest regenerated 2026-10-02
REC_1019,REC_1019.md,A084DE9078EA75F61628A037F4FBABFF9B5142450C812024B9E033EA9FC4496F,4503,PASS,INCLUDE,manifest regenerated 2026-10-02
REC_1021,REC_1021.md,2D2B0B06D1E0608800868E34E988A5208C3268FD72AE3E1C6C54429C5B7A50A7,4641,PASS,INCLUDE,manifest regenerated 2026-10-02
REC_1023,REC_1023.md,68D7487AE6A1E75A0F4477FA229A3F118923315B56A25DB478A419095108318B,5473,PASS,INCLUDE,manifest regenerated 2026-10-02
REC_1025,REC_1025.md,8F823E4A8B8A981F70F20161C9A6CD0E737845466571542A0435E9041AF02985,4226,PASS,INCLUDE,manifest regenerated 2026-10-02
REC_1026,REC_1026.md,4AD3957A9826BDA5C304173383FAD1C0F44249FB764120970251F470F9C31C3A,5351,PASS,INCLUDE,manifest regenerated 2026-10-02
REC_1028,REC_1028.md,868D508BC64A0B670B81CD28EB59E69325D16E512450336F06AA2CDC6D3BCD62,4552,PASS,INCLUDE,manifest regenerated 2026-10-02
REC_1029,REC_1029.md,B05A127A54DF783790B847B39FC4109FB523904964A43A02518E2C579E3FA1EB,5224,PASS,INCLUDE,manifest regenerated 2026-10-02
REC_1032,REC_1032.md,FE8B0AA3F781747054293C0A4E2F807EA1D0E9D6725ABB1B907266D5049A267B,6272,PASS,INCLUDE,manifest regenerated 2026-10-02
REC_1034,REC_1034.md,1653030EA8CA1A5E3E9CAAD971F84663B86A90D59CEFDB1F9E150373D7C7BDB2,4851,PASS,INCLUDE,manifest regenerated 2026-10-02
REC_1043,REC_1043.md,88598313AA0B510B40B5B943B231FB5DBEBCB07073D3680BD46AC2303B1CD171,5876,PASS,INCLUDE,manifest regenerated 2026-10-02
REC_1044,REC_1044.md,C41C8AF4698DFE7957BC7B7D63A424FC35768AB94330E9524434C4254CDB65B6,5684,PASS,INCLUDE,manifest regenerated 2026-10-02
REC_1046,REC_1046.md,7D24DA6DA7C2055EC62EEB7773FC2A8E8336551B364215E3A1A013AAE0BEB062,5219,PASS,INCLUDE,manifest regenerated 2026-10-02
REC_1048,REC_1048.md,B0A5FD63763985975FCACA39A90981A1320BEFF8F2B9C3550506EED6D785D77E,4995,PASS,INCLUDE,manifest regenerated 2026-10-02
REC_1049,REC_1049.md,0BCF010938B25158370BE92B411CFD8E744CCEA391DA4CADEFE532F8BDA2B556,4647,PASS,INCLUDE,manifest regenerated 2026-10-02
REC_1055,REC_1055.md,2403CE98A9A56CA9EDD85F8820AFEB8056D06EBF69998D4CF7BAD4B5DE0FC5BE,3451,PASS,INCLUDE,manifest regenerated 2026-10-02
REC_1059,REC_1059.md,D1B4DAA7951F1C81FF8F1A18474A42F2C6CDAAD5DAC3413D0B6735662711BD6C,7968,PASS,INCLUDE,manifest regenerated 2026-10-02
REC_1063,REC_1063.md,B2BA997234A5F049C9E2B04C44E90FBB37F992F2F0078CD79119BC139510F434,6170,PASS,INCLUDE,manifest regenerated 2026-10-02
REC_1067,REC_1067.md,32EB80CFE150CFB5E1646DC79C3B1C18DE70513CF43535810EBF27861D6FFDF0,6446,PASS,INCLUDE,manifest regenerated 2026-10-02
REC_1069,REC_1069.md,4C063948EC1A19D668D89B9B496525658E41360DD7CB0A0481AD44984B0FE64C,8453,PASS,INCLUDE,manifest regenerated 2026-10-02
REC_1080,REC_1080.md,3C490E29EFB9657D8ECDF3E066BCCD2952A4E8188C26F6F4467F4F34B11132A2,8855,PASS,INCLUDE,manifest regenerated 2026-10-02
REC_1083,REC_1083.md,0FA83EC7693E0301D19A361259428CA5E8E68CF1A3A5ACABAFF942C6689B7380,4218,PASS,INCLUDE,manifest regenerated 2026-10-02
REC_1084,REC_1084.md,E6FDAB282262C63B704D0F03BE0DCCC2052AE62240B34DF0723C0F597C00C53C,3327,PASS,INCLUDE,manifest regenerated 2026-10-02
REC_1085,REC_1085.md,C4595244B8881768A8775AE28B1A8B9F9E19B9989E64D21D09D3290D5E4FF9C2,3709,PASS,INCLUDE,manifest regenerated 2026-10-02
REC_1095,REC_1095.md,EF8F79A61A11906B672DC001CF8D6FE69B5D5A2447A9AAB51B7DAE6D938CAAFD,3656,PASS,INCLUDE,manifest regenerated 2026-10-02
REC_1096,REC_1096.md,2C4F2851C6A30B447F673E86C8CB26013EFF7EE17C725237D557559C2D2AD89F,3801,PASS,INCLUDE,manifest regenerated 2026-10-02
REC_1103,REC_1103.md,E741B0FBF873FF23B7483C49ADF5CA7217ABDBE39996D37A3095701D769A792D,5736,PASS,INCLUDE,manifest regenerated 2026-10-02
REC_1105,REC_1105.md,BA50DF51FB692C42F2FD56F03F63E51E08A225A545BB12AC0018749D4AC975DF,6272,PASS,INCLUDE,manifest regenerated 2026-10-02
REC_1106,REC_1106.md,C0D05DD9E628422847C1A6882E27F6568C2A28016BAC076C9C92CBFD90CFA059,7271,PASS,INCLUDE,manifest regenerated 2026-10-02
REC_1107,REC_1107.md,00B57FD6058EFA646CD082C7AFC493320C9F54373C9256D4CDA7A06FB92156F2,7351,PASS,INCLUDE,manifest regenerated 2026-10-02
REC_1110,REC_1110.md,6B1571C5BE5D0265AD17DC76E38C3E1AA14ECEAC05920904B6E3C75F9660261E,6232,PASS,INCLUDE,manifest regenerated 2026-10-02
REC_1114,REC_1114.md,67DD53AA9D36BCE3D2475D8FB125D681BB74535F98A2BCA25CF7012CCB2B88AD,8843,PASS,INCLUDE,manifest regenerated 2026-10-02
REC_1115,REC_1115.md,83CA63E36E5E68C90F9C817E462DFE2C84AD0C9BF1B998C964E712EEB7C96CDF,6989,PASS,INCLUDE,manifest regenerated 2026-10-02
REC_1116,REC_1116.md,73D30441A1BB8404ABC64BE8322F4E7DDCF65EAC47B3FA6C43759D19BEF98999,8154,PASS,INCLUDE,manifest regenerated 2026-10-02
REC_1118,REC_1118.md,A00F4F37ED3F9EC14BF9ADD9B2E12424176242EBAD8F16CF938C81790F63DFBB,4542,PASS,INCLUDE,manifest regenerated 2026-10-02
REC_1123,REC_1123.md,7850445A1F20BC285C5D0440BEBD8534A16E9898C87F32EBC8882060EEEF5EB7,8359,PASS,INCLUDE,manifest regenerated 2026-10-02
REC_1130,REC_1130.md,61286FEC02D2D932F01ED229ACCC130B031134AD163E107F813C6FCEBCADB7D0,6411,PASS,INCLUDE,manifest regenerated 2026-10-02
REC_1132,REC_1132.md,85CA26A023592C1A7CF87F801D1472C9543D4993BD353FAFD3A6E78659B05090,5854,PASS,INCLUDE,manifest regenerated 2026-10-02
REC_1135,REC_1135.md,DA6B0539F972510D19C433BF392F9BD1B813F644A667AEE60112A50B4D1C872E,6221,PASS,INCLUDE,manifest regenerated 2026-10-02
REC_1137,REC_1137.md,4E9CAA9138A52A08009774BA25DC6EFFD68E1D633073F642A3188B54749F9E87,5534,PASS,INCLUDE,manifest regenerated 2026-10-02
REC_1140,REC_1140.md,95D46C58CA1BF13F9504900186DB0D9CE4E693319F915149A6EC9EB71C3B04A9,6883,PASS,INCLUDE,manifest regenerated 2026-10-02
REC_1142,REC_1142.md,AE7C526F16C67DE619092185CFF6A9AC74FA2260E066A58082272B9524E6C7DB,6917,PASS,INCLUDE,manifest regenerated 2026-10-02
REC_1146,REC_1146.md,171385C5659897A1CA0AD99755BE5DE1D97B32A2AD6A7216E674FEC86D40624E,6734,PASS,INCLUDE,manifest regenerated 2026-10-02
REC_1148,REC_1148.md,0FF824357436188FBFEF4DED52404698212595F02A82DE181E5FE0FBC732CD47,6979,PASS,INCLUDE,manifest regenerated 2026-10-02
REC_1150,REC_1150.md,955A0EC5E2DFAA55991212CF7E9E188AEDD973D12DA4B8740EAB4464EBBD2D71,6028,PASS,INCLUDE,manifest regenerated 2026-10-02
REC_1159,REC_1159.md,1CE0910FC05FA81A4F97D7C763D4E879B0FAD476F5E43D05CDCE2508544B8808,5946,PASS,INCLUDE,manifest regenerated 2026-10-02
REC_1160,REC_1160.md,F9EFAC31B962DF08ECD8DDE1286C99ADEA468203E159D6A151E56E282A1E2D90,5096,PASS,INCLUDE,manifest regenerated 2026-10-02
REC_1163,REC_1163.md,937928D414524E7CD1092CF46713A81EA854A547580F24975C66D13348767EAD,6475,PASS,INCLUDE,manifest regenerated 2026-10-02
REC_1165,REC_1165.md,1D9E98CC5B34CFF7953DC97A624821366C6C0D974DD473B4AA761D7656152FCF,3803,PASS,INCLUDE,manifest regenerated 2026-10-02
REC_1167,REC_1167.md,B31BC730639C251CA78F6FD7E4075B1B14BC66CB97711953D4238CA2B493F5D9,5410,PASS,INCLUDE,manifest regenerated 2026-10-02
REC_1171,REC_1171.md,121E144E6E9CE25F7EACF61A99BE603B0BE175BC3C108A4CCEB04067DC8B2C7A,5307,PASS,INCLUDE,manifest regenerated 2026-10-02
REC_1172,REC_1172.md,1AE16749ABA0A65C9AD37537B9D6AC5075857260E635C8EFB3D00E3C5FA588C8,5733,PASS,INCLUDE,manifest regenerated 2026-10-02
REC_1175,REC_1175.md,7775851E5553B6F2DD573D382F90A82BA0BBE7509E0722DB45C1C45963DCE780,5245,PASS,INCLUDE,manifest regenerated 2026-10-02
REC_1178,REC_1178.md,BC3DD2B95B522FFB0747E2BB14E58C73ADE580250B675140707020B9F6110AA2,5520,PASS,INCLUDE,manifest regenerated 2026-10-02
REC_1185,REC_1185.md,889D1A747621F822E9199C8367E89E99513273E7572B8226BF2651443D880013,5779,PASS,INCLUDE,manifest regenerated 2026-10-02
REC_1186,REC_1186.md,92AED5B171EDBA18806E5CA066BF1D6910EDB47E49F85AE12D71453DB5E13713,4860,PASS,INCLUDE,manifest regenerated 2026-10-02
REC_1187,REC_1187.md,AF98A91C59D5B25EE76E0DC227014889300F3DCF8C2245518286CD1C853D490C,4195,PASS,INCLUDE,manifest regenerated 2026-10-02
REC_1189,REC_1189.md,DA53762264882917EB019A7BE22DF650F37AB53593A313FA4BAC28D4F080EFB6,5810,PASS,INCLUDE,manifest regenerated 2026-10-02
REC_1190,REC_1190.md,74DEDB5DF6095794188B6BCBA7311B4160C03FBBCC5630B5B0F9D15752EAB06A,5241,PASS,INCLUDE,manifest regenerated 2026-10-02
REC_1191,REC_1191.md,F779F66317418F9339D07D99F634D14F68F75D3B00E9470D1413286D2A58FA70,4529,PASS,INCLUDE,manifest regenerated 2026-10-02
REC_1192,REC_1192.md,5CE10EDAAEF63F7420ECF72EE7463FCFF5EED1CEB401ACB1B1C66A8C494D93EC,4101,PASS,INCLUDE,manifest regenerated 2026-10-02
REC_1194,REC_1194.md,2EEDD2595849B7DD5FD88F7C8DDDA473261EF5236FDFAE89BC472B65E144128B,4401,PASS,INCLUDE,manifest regenerated 2026-10-02
REC_1196,REC_1196.md,920A1D62A078A03B0A74CE82D5E70C7EB46F4BA9F8C56F02EA84833597DBDB21,3586,PASS,INCLUDE,manifest regenerated 2026-10-02
REC_1207,REC_1207.md,2473058E9AE8712107F3A858E63E8BBB34AE6A1860AC7C4988DD04A8DB3ACE57,3591,PASS,INCLUDE,manifest regenerated 2026-10-02
REC_1208,REC_1208.md,BE821F47C067ADF164D2E92B6890C838D2C272CE6C743E440BF5D3D9D7F9E428,4346,PASS,INCLUDE,manifest regenerated 2026-10-02
REC_1212,REC_1212.md,91F8E1EF8CA11F71101D37FB03F2BCE2FB1F867E37686EA6F14503D918165E3E,3874,PASS,INCLUDE,manifest regenerated 2026-10-02
REC_1216,REC_1216.md,A66F529773262CC2350ECCCF12E0712E448D22741F69A31C05F5B3943EDE1E88,5604,PASS,INCLUDE,manifest regenerated 2026-10-02
REC_1217,REC_1217.md,A3954D711D9AF36FC704EBB65A6742C7D64089A86E9A89F98767DB98AF13E80D,3995,PASS,INCLUDE,manifest regenerated 2026-10-02
REC_1223,REC_1223.md,941F803241FFF45E49D44E227A19139473D770FEFA39F80311950829A5DA219F,5156,PASS,INCLUDE,manifest regenerated 2026-10-02
REC_1232,REC_1232.md,492BF31A08A6AF927AFFC618CE6BCC4C97588C544548C05C227CE2CE0FE19E68,5005,PASS,INCLUDE,manifest regenerated 2026-10-02
REC_1235,REC_1235.md,4652D0CA85418F98366C3C6A4A8209172204451459FD37400D2BBA65CCC5EFAB,3862,PASS,INCLUDE,manifest regenerated 2026-10-02
REC_1243,REC_1243.md,396725B6F2FAC29EA57CFD66BFA4217220FE547830649E2F40CE3683E16912DA,4658,PASS,INCLUDE,manifest regenerated 2026-10-02
REC_1245,REC_1245.md,E48A106B8AA24AE8B5D84F3004C2B5D2E802E8B362F2F5472109ADBECD38456D,4006,PASS,INCLUDE,manifest regenerated 2026-10-02
REC_1248,REC_1248.md,A6E897092C77F77C705E632DDF66B325B24ADE5788076DAA8AE135BB857B5C34,4237,PASS,INCLUDE,manifest regenerated 2026-10-02
REC_1250,REC_1250.md,906BA5B8F8A9A7B3018DC3C5F2464B237E41A0BC52C802A6912EA2058D5713FF,4257,PASS,INCLUDE,manifest regenerated 2026-10-02
REC_1251,REC_1251.md,2128F91F9824D5B72E16421323FA1ED591664F518BD5A9ED890D54659489D854,4008,PASS,INCLUDE,manifest regenerated 2026-10-02
REC_1252,REC_1252.md,F51165D87A9EBACBEE288FFAECB1671D44EC047DF8553AF353DB4DE8333159B7,4598,PASS,INCLUDE,manifest regenerated 2026-10-02
REC_1253,REC_1253.md,1E6B43E8076B13281F0A900AD003D1E65C187C225EB8A9CB6BE2F1AFF6978669,4083,PASS,INCLUDE,manifest regenerated 2026-10-02
REC_1267,REC_1267.md,FC12F11DCE890A1F71662493CBA5D786E79F3EA265D47D2C338DAFED3FC40A2A,4340,PASS,INCLUDE,manifest regenerated 2026-10-02
REC_1270,REC_1270.md,8058A85279E1075DF9FB803E81FD97F89EFEC66854028E1B169BBEE2590EAE2D,3287,PASS,INCLUDE,manifest regenerated 2026-10-02
REC_1274,REC_1274.md,EB44DF09448BDF74BFD0BE73D7353987FA6741A986E2CB0ADE076B260005343D,4257,PASS,INCLUDE,manifest regenerated 2026-10-02
REC_1277,REC_1277.md,A8E44489BF3BC61ADB6D6AA6DDB51A9FD6318F9EC683CAD979D0C46DA1F8FD08,10655,PASS,INCLUDE,manifest regenerated 2026-10-02
REC_1282,REC_1282.md,D47F619960DE697022040AC31EA9C70C7CFB19E53043184072D5DA86CA448A55,7262,PASS,INCLUDE,manifest regenerated 2026-10-02
REC_1283,REC_1283.md,490EAF90FF5F10E5152CBA520E964CCFE1C6B60704615A18DF3DE8DBEB626518,9148,PASS,INCLUDE,manifest regenerated 2026-10-02
REC_1285,REC_1285.md,2863E8748AA3E9AC6C66A3294DB7D8E79AD7B85DA65BF343A2151B9BA7FB3CA4,6480,PASS,INCLUDE,manifest regenerated 2026-10-02
REC_1286,REC_1286.md,822DE3BA021FD4603C47669561ED1184E9B48611253FF7C685FC4D49564FB9E0,8600,PASS,INCLUDE,manifest regenerated 2026-10-02
REC_1289,REC_1289.md,7373752DACD0FEF6B26EB141662A1D0A776008EAD90BBF077E17C44B6C11B34C,7161,PASS,INCLUDE,manifest regenerated 2026-10-02
REC_1295,REC_1295.md,5D1642A5EF8D1A25E27E9E2C116D4C013D2DA5DFE53BA5FA5D4459D6C6A6AB1D,6557,PASS,INCLUDE,manifest regenerated 2026-10-02
REC_1298,REC_1298.md,7C85568AE209BB14223B598C93E395C0051548ADC495BC77ECC4DC9D30E9F1FE,7362,PASS,INCLUDE,manifest regenerated 2026-10-02
REC_1302,REC_1302.md,6B2248871D978A56F652E08713ECEE65AA73DA094CB563618B913976B54F2A75,7300,PASS,INCLUDE,manifest regenerated 2026-10-02
REC_1304,REC_1304.md,6AEF9DF701401CEADFE120EAD2225E6576CC63A6391ACC600B2B9DB3767499B9,7149,PASS,INCLUDE,manifest regenerated 2026-10-02
REC_1306,REC_1306.md,6CC7C38965B17F477255FC0CF05103B3DF5271DA16DDCEAEB48564E6823AC3C0,5241,PASS,INCLUDE,manifest regenerated 2026-10-02
REC_1307,REC_1307.md,5B42CFF3BE88B0C0B5B7414C4F0FA2047794B00880FF8643BFD5203446B85FDF,5066,PASS,INCLUDE,manifest regenerated 2026-10-02
REC_1308,REC_1308.md,8C5C2632A4658E2E42A0A099E14C24FA13B8947E8907C7D570C29A904F4EA585,4800,PASS,INCLUDE,manifest regenerated 2026-10-02
REC_1309,REC_1309.md,91557A806F5E1271E590A6C8A137D7918447DFB3441C3452B5DD7B3679F33AF1,5070,PASS,INCLUDE,manifest regenerated 2026-10-02
REC_1313,REC_1313.md,5FFD9EBB745A39D930A389908F2DECEF5B94B95F53FACCEA62C6591E955998E5,5336,PASS,INCLUDE,manifest regenerated 2026-10-02
REC_1316,REC_1316.md,59773EC30193ABAE37FA476856228AF4442E8733A05E3E77490F7E76593397B3,6203,PASS,INCLUDE,manifest regenerated 2026-10-02
REC_1320,REC_1320.md,5CA624662B0EB11B877E86FB0E0B36B8DB5D2F6CE0C5E9A224935D9A0F0B26AA,6708,PASS,INCLUDE,manifest regenerated 2026-10-02
REC_1322,REC_1322.md,3546388DA9C6669A5E0B411B006217D0DF48F07BD2012C0F98FA93CE2B4C2EC6,5579,PASS,INCLUDE,manifest regenerated 2026-10-02
REC_1330,REC_1330.md,4827126287AB8CB32355AED6083E430CAB2B3FF0D904FAC1A438354630DC2B58,5139,PASS,INCLUDE,manifest regenerated 2026-10-02
REC_1336,REC_1336.md,89E0BB28271D1E79EC1D3F8C2D64CD2B91C268FF2A580A1619EA59EC99A434D7,5466,PASS,INCLUDE,manifest regenerated 2026-10-02
REC_1346,REC_1346.md,480F528915A44FBB1CDDAD65879CD4C10126D34C6F22927034AA69A5B150B9F9,6867,PASS,INCLUDE,manifest regenerated 2026-10-02
REC_1348,REC_1348.md,89C67E66701C34E0270AF2CF5B7F8824A21C4B5C0204AFAAA89AFBBEE44FCC20,5060,PASS,INCLUDE,manifest regenerated 2026-10-02
REC_1355,REC_1355.md,CED68444D836B6C4547802F747A1EA38CD9FD69FEF033D66262D8F1D1450E3CE,6024,PASS,INCLUDE,manifest regenerated 2026-10-02
REC_1358,REC_1358.md,A11B7ADD61687CB152CBD0E3CA0DC352F944F9F9073C4E6F5750C483000433FB,5282,PASS,INCLUDE,manifest regenerated 2026-10-02
REC_1366,REC_1366.md,3C058A74BEF0AAC181CEDB1E7196FF931E50EC29D91F26A1D6544C705AB03BB1,4885,PASS,INCLUDE,manifest regenerated 2026-10-02
REC_1370,REC_1370.md,190B9892F5BD0993B1B772F0C89BB57B74118C3253C81811C06F2378C37E7E48,5796,PASS,INCLUDE,manifest regenerated 2026-10-02
REC_1373,REC_1373.md,D1DEDC850BC7A763A3F268655E47F0098A72B302D1CB0DF1DA4AE80A5A357768,5434,PASS,INCLUDE,manifest regenerated 2026-10-02
REC_1378,REC_1378.md,5D2B4A67C3E0F8066222C3C1403B35527982F47B27BCB767EEE734C589C3840F,4979,PASS,INCLUDE,manifest regenerated 2026-10-02
REC_1393,REC_1393.md,233013E4F5431CF7E6070D1F2EFC3B188D7E167B0B45F64638C0BAF0ACB01487,6065,PASS,INCLUDE,manifest regenerated 2026-10-02
REC_1399,REC_1399.md,3DAFD2E6DBA3852EA7DF18B689A18E457478FBF6BE4D3885483EE2AB507BA6E2,4914,PASS,INCLUDE,manifest regenerated 2026-10-02
REC_1402,REC_1402.md,7B9AB3A5C87D4B4BC6A5597EA663AC94904D76D91B6BED0A548809D5123E6EE7,5628,PASS,INCLUDE,manifest regenerated 2026-10-02
REC_1403,REC_1403.md,6316B90A368C1EACF57FAC3DA6415BEA426A72B6549A862EBCBA8E1AA13EC48B,4700,PASS,INCLUDE,manifest regenerated 2026-10-02
REC_1405,REC_1405.md,0553A71DB471BB59FB21B8A13BA3B575F208CF9B9820A990C290689DFFA491D0,5286,PASS,INCLUDE,manifest regenerated 2026-10-02
REC_1417,REC_1417.md,13FF79E846DAE06D11C8BF9D80C5FA63E5AD52BE1767F40A14D75219553A7597,4339,PASS,INCLUDE,manifest regenerated 2026-10-02
REC_1423,REC_1423.md,AC350B8D2D9641426DED399C271F800682CEC4C2E9BDB5CCC8EBC9C8D50F1B05,4658,PASS,INCLUDE,manifest regenerated 2026-10-02
REC_1429,REC_1429.md,33CE7E5D3B3F1682073D66175672369847B3EB4FDBA6BD50309834B7391EB895,5154,PASS,INCLUDE,manifest regenerated 2026-10-02
REC_1431,REC_1431.md,B12961AB5B5C07B2B90F9DBA4ACA256E858DD49E9DD18D1EE951A948F77873E7,4479,PASS,INCLUDE,manifest regenerated 2026-10-02
REC_1432,REC_1432.md,E7286A0FEC37A65071C4034F7C7032241C1E044D6ACBE2410F61FA18895CD767,4105,PASS,INCLUDE,manifest regenerated 2026-10-02
REC_1435,REC_1435.md,C0D9D8F0778A43CCB1AF854159E73270F9A3E7A9C807DCC660128B25ECEDFF09,4544,PASS,INCLUDE,manifest regenerated 2026-10-02
REC_1438,REC_1438.md,E600CF7A30235F03394ED36F8D00F83EDF0CD709FE6D420F44A84705887848FB,3515,PASS,INCLUDE,manifest regenerated 2026-10-02
REC_1439,REC_1439.md,C2B12966B844CB5FDC39E345868BEAD162064B9A17029AFF8E8BECF2D6E37F83,6037,PASS,INCLUDE,manifest regenerated 2026-10-02
REC_1443,REC_1443.md,8381185AF3A02A9409995826EDE88912122F191A5A58FBBDFF30C528543232D6,5306,PASS,INCLUDE,manifest regenerated 2026-10-02
REC_1451,REC_1451.md,2F5FDFB59A356C998819C424AC7FEA1094AE128E555212FBDDE623BB11444892,4524,PASS,INCLUDE,manifest regenerated 2026-10-02
REC_1453,REC_1453.md,943C5EC8673B22AC6C5ED80E6F20C3A248565778C547B26AE7FC65F80F6C364B,6901,PASS,INCLUDE,manifest regenerated 2026-10-02
REC_1454,REC_1454.md,75C47675D2BED7260CD50F078EDA2AF9576115E1AE4FA2076646E8BF1F6F12C8,6079,PASS,INCLUDE,manifest regenerated 2026-10-02
REC_1455,REC_1455.md,EAF01B6C3B124AC387DA92EADFD044D6CF7AC97422A017DDB0A7D5CC94E937E0,6254,PASS,INCLUDE,manifest regenerated 2026-10-02
REC_1459,REC_1459.md,B95E8C7ECED2470567A56A943A05CCA5552AA6028247AC5C105F283A9D72E1E0,5316,PASS,INCLUDE,manifest regenerated 2026-10-02
REC_1463,REC_1463.md,69124D5566EB513F6DE005B5C1E2CA238899BCF9568AEC2069251A2F16B65ACC,6200,PASS,INCLUDE,manifest regenerated 2026-10-02
REC_1474,REC_1474.md,5E1C9C0A025CA5DE5B306B9261406EBE54BCCF09139E1CAB5453D77B202056DA,6322,PASS,INCLUDE,manifest regenerated 2026-10-02
REC_1480,REC_1480.md,349DE794F39D73EBBFE84BA2925C623B4E50E386879E8DB353C486C692ECA2C4,5127,PASS,INCLUDE,manifest regenerated 2026-10-02
REC_1502,REC_1502.md,63C837021B5D623DDC675B125688C290D74EBF9739B476110AACB42FA5D93595,5212,PASS,INCLUDE,manifest regenerated 2026-10-02
REC_1512,REC_1512.md,E664FF147E8AE0DA5D797EEC334B505F5DE8DC9B940D9B45E457A195A46698C9,5751,PASS,INCLUDE,manifest regenerated 2026-10-02
REC_1541,REC_1541.md,C0B1BF6E814416AB765BFD75AE05584B6175BC74A794E532BF82871CA03A47C0,4751,PASS,INCLUDE,manifest regenerated 2026-10-02
REC_1557,REC_1557.md,E48BC42512DD6C3810238320992E3277DB36657F58C3AF3F324B308D45BF36BD,4426,PASS,INCLUDE,manifest regenerated 2026-10-02
REC_1561,REC_1561.md,C6A5D3ADFD3C0B3D80DA54FD8CDA2D124CE0A04B56DCBCE7765CA7407246ECA3,4588,PASS,INCLUDE,manifest regenerated 2026-10-02
REC_1564,REC_1564.md,9E14F48860AC027431CFAC2EFE3131FDE9EA68A974B1927E42CD76E7C188A3A0,6559,PASS,INCLUDE,manifest regenerated 2026-10-02
REC_1573,REC_1573.md,7952DFBB67D08A5A38BFCBFD451F9048AD926C38BA9949B9E2C04F0D3DCFFADE,5438,PASS,INCLUDE,manifest regenerated 2026-10-02
REC_1576,REC_1576.md,5B45F84EA2A3EC2BBA18965D842D3058C40F0FEE1DCCD556BF27997FFC49C8F0,4500,PASS,INCLUDE,manifest regenerated 2026-10-02
REC_1582,REC_1582.md,71D8F92017C5FD94BDA8D73FB379495C330E9AF5B9E4E45CFD10E2F104CE416F,3530,PASS,INCLUDE,manifest regenerated 2026-10-02
REC_1587,REC_1587.md,287FDBB836A2F74D9E8894864537E80F5597F36F813A7BCB39C4BF24EBB15EB6,5488,PASS,INCLUDE,manifest regenerated 2026-10-02
REC_1608,REC_1608.md,54F0CECF7240DF947B06AE95C28C2C50CB5CD0BE10D394812496D20924052F49,5187,PASS,INCLUDE,manifest regenerated 2026-10-02
REC_1612,REC_1612.md,E529B0B44AA09261199E8A2D17DA155450C5C629E3C5A100A6C29B606D256639,4542,PASS,INCLUDE,manifest regenerated 2026-10-02
REC_1619,REC_1619.md,A529E86BEAF314A47D60E54E8D2D7AE490D5FF157EDB70069BE13C72048BDF59,6998,PASS,INCLUDE,manifest regenerated 2026-10-02
REC_1637,REC_1637.md,AF3102C73F2E73CC722D7B3048570DAAAC0CC29255937A8C233528B2774013DE,4573,PASS,INCLUDE,manifest regenerated 2026-10-02
REC_1640,REC_1640.md,28F2FC98A8952B18A2C22A2B4E3108A67FF5A9B38454AE075816B58FF2D639F0,7312,PASS,INCLUDE,manifest regenerated 2026-10-02
REC_1642,REC_1642.md,F5D5371C7BF20CF149A0A5FE24E6260E07DCD1FDC83A0A4F4FF281140754EF7D,4959,PASS,INCLUDE,manifest regenerated 2026-10-02
REC_1653,REC_1653.md,184A77A0C1CCB70FEB5E8D33C1862ADCB956542E0706055F3F0567449B9B3CC3,5551,PASS,INCLUDE,manifest regenerated 2026-10-02
REC_1660,REC_1660.md,A5EB8654D3D5C5AC18D0EC920CAA5600818C55181BC53DF5CE1F311C8AAB1C50,5277,PASS,INCLUDE,manifest regenerated 2026-10-02
REC_1667,REC_1667.md,D35BCF3DF71B75679FFCE2BEFC3037E0D216A2FDA22158ABEF522CD7D0734024,4218,PASS,INCLUDE,manifest regenerated 2026-10-02
REC_1678,REC_1678.md,D411E4D19731607E1F4E40E5EF08071799CD5CEFE6A13AEAB7632442B162D413,5559,PASS,INCLUDE,manifest regenerated 2026-10-02
REC_1688,REC_1688.md,D6AD951CC9FB067F40913344955A00FC70464E97E9A163A31496C3F4815B8746,4061,PASS,EXCLUDE,manifest regenerated 2026-10-02; row re-stamped after X3 label edit (E3->X3)
REC_1715,REC_1715.md,3A5D31B9D523B1710DE35EE0D339BC4173A1693D223320B1A763D38470BB347C,4187,PASS,INCLUDE,manifest regenerated 2026-10-02
