id,method_category_clean,sensor_primary,environment_class,fusion_class,quality_tier,year_bucket
REC_0001,HYBRID,VISION,INDOOR,OTHER/UNKNOWN,Q-Medium,2021-2026
REC_0003,SLAM,VISION,INDOOR,OTHER/UNKNOWN,Q-High,2021-2026
REC_0006,HYBRID,VISION,MIXED,OTHER/UNKNOWN,Q-Medium,2021-2026
REC_0008,OTHER,VISION,MIXED,OTHER/UNKNOWN,Q-Low,2016-2020
REC_0010,VISION_OBJECT,OTHER,GNSS_DENIED_OTHER,OTHER/UNKNOWN,Q-Medium,2016-2020
REC_0013,QUANTUM,VISION,MIXED,OTHER/UNKNOWN,Q-Medium,2021-2026
REC_0017,VIO,VISION,INDOOR,OTHER/UNKNOWN,Q-Medium,2016-2020
REC_0022,UWB,VISION,MIXED,OTHER/UNKNOWN,Q-Medium,2021-2026
REC_0023,HYBRID,VISION,MIXED,OTHER/UNKNOWN,Q-High,2021-2026
REC_0025,UWB,OTHER,INDOOR,OTHER/UNKNOWN,Q-Medium,2010-2015
REC_0028,OTHER,OTHER,MIXED,OTHER/UNKNOWN,Q-High,2021-2026
REC_0035,SLAM,VISION,INDOOR,KALMAN_FILTER,Q-High,2016-2020
REC_0037,VISION_OBJECT,VISION,MIXED,KALMAN_FILTER,Q-High,2021-2026
REC_0041,VIO,VISION,INDOOR,OTHER/UNKNOWN,Q-High,2021-2026
REC_0043,HYBRID,VISION,FOREST,OTHER/UNKNOWN,Q-Medium,2021-2026
REC_0057,OTHER,LIDAR,MIXED,OTHER/UNKNOWN,Q-Medium,2016-2020
REC_0064,OTHER,OTHER,INDOOR,OTHER/UNKNOWN,Q-Medium,2021-2026
REC_0065,SLAM,VISION,INDOOR,OTHER/UNKNOWN,Q-Medium,2021-2026
REC_0066,VISION_OBJECT,VISION,INDOOR,OTHER/UNKNOWN,Q-Medium,2021-2026
REC_0071,OTHER,RADAR,MIXED,OTHER/UNKNOWN,Q-Medium,2016-2020
REC_0077,OTHER,VISION,MIXED,OTHER/UNKNOWN,Q-High,2021-2026
REC_0080,HYBRID,VISION,INDOOR,OTHER/UNKNOWN,Q-High,2016-2020
REC_0084,OTHER,OTHER,NOT_REPORTED,OTHER/UNKNOWN,Q-Medium,2016-2020
REC_0095,COOPERATIVE,OTHER,MIXED,OTHER/UNKNOWN,Q-Medium,2021-2026
REC_0096,UWB,VISION,MIXED,OTHER/UNKNOWN,Q-High,2021-2026
REC_0102,HYBRID,VISION,MIXED,KALMAN_FILTER,Q-Medium,2021-2026
REC_0107,HYBRID,RADAR,MIXED,KALMAN_FILTER,Q-High,2021-2026
REC_0111,SLAM,VISION,MIXED,KALMAN_FILTER,Q-High,2016-2020
REC_0115,HYBRID,UWB,MIXED,OTHER/UNKNOWN,Q-Medium,2016-2020
REC_0118,COOPERATIVE,VISION,INDOOR,OTHER/UNKNOWN,Q-High,2016-2020
REC_0123,VISION_OBJECT,VISION,MIXED,OTHER/UNKNOWN,Q-Low,2021-2026
REC_0131,OTHER,VISION,INDOOR,OTHER/UNKNOWN,Q-High,2021-2026
REC_0138,COOPERATIVE,VISION,MIXED,OTHER/UNKNOWN,Q-High,2016-2020
REC_0149,VISION_OBJECT,VISION,MIXED,OTHER/UNKNOWN,Q-High,2021-2026
REC_0155,COOPERATIVE,VISION,INDOOR,OTHER/UNKNOWN,Q-High,2021-2026
REC_0161,HYBRID,VISION,INDOOR,OTHER/UNKNOWN,Q-High,2021-2026
REC_0165,VISION_OBJECT,VISION,URBAN_CANYON,OTHER/UNKNOWN,Q-Medium,2016-2020
REC_0179,OTHER,RADAR,MIXED,OTHER/UNKNOWN,Q-High,2016-2020
REC_0195,HYBRID,IMU_ONLY,URBAN_CANYON,OTHER/UNKNOWN,Q-High,2021-2026
REC_0196,SLAM,VISION,MIXED,KALMAN_FILTER,Q-Medium,2016-2020
REC_0202,HYBRID,UWB,MIXED,OTHER/UNKNOWN,Q-Low,2021-2026
REC_0208,VISION_OBJECT,VISION,MIXED,OTHER/UNKNOWN,Q-High,2016-2020
REC_0211,HYBRID,IMU_ONLY,MIXED,KALMAN_FILTER,Q-Medium,2021-2026
REC_0213,COOPERATIVE,LIDAR,INDOOR,OTHER/UNKNOWN,Q-Medium,2021-2026
REC_0215,HYBRID,VISION,INDOOR,OTHER/UNKNOWN,Q-High,2021-2026
REC_0218,HYBRID,VISION,MIXED,KALMAN_FILTER,Q-High,2021-2026
REC_0239,HYBRID,VISION,INDOOR,KALMAN_FILTER,Q-Medium,2021-2026
REC_0242,SURVEY,VISION,MIXED,OTHER/UNKNOWN,Q-Low,2016-2020
REC_0244,UWB,UWB,MIXED,OTHER/UNKNOWN,Q-High,2021-2026
REC_0246,SLAM,VISION,INDOOR,OTHER/UNKNOWN,Q-Medium,2021-2026
REC_0255,HYBRID,VISION,MIXED,OTHER/UNKNOWN,Q-High,2016-2020
REC_0264,OTHER,VISION,INDOOR,OTHER/UNKNOWN,Q-Medium,2021-2026
REC_0271,HYBRID,VISION,MIXED,OTHER/UNKNOWN,Q-High,2016-2020
REC_0274,UNKNOWN,OTHER,MIXED,OTHER/UNKNOWN,Q-Low,2010-2015
REC_0278,OTHER,IMU_ONLY,MIXED,OTHER/UNKNOWN,Q-High,2021-2026
REC_0281,HYBRID,LIDAR,MIXED,OTHER/UNKNOWN,Q-High,2021-2026
REC_0289,SLAM,VISION,INDOOR,OTHER/UNKNOWN,Q-Low,2021-2026
REC_0294,VISION_OBJECT,VISION,MIXED,OTHER/UNKNOWN,Q-High,2021-2026
REC_0296,OPTICAL_FLOW,VISION,INDOOR,OTHER/UNKNOWN,Q-Medium,2016-2020
REC_0305,OTHER,IMU_ONLY,MIXED,OTHER/UNKNOWN,Q-Medium,2021-2026
REC_0318,COOPERATIVE,IMU_ONLY,MIXED,KALMAN_FILTER,Q-Medium,2016-2020
REC_0332,HYBRID,VISION,MIXED,OTHER/UNKNOWN,Q-Medium,2016-2020
REC_0343,COOPERATIVE,VISION,MIXED,OTHER/UNKNOWN,Q-High,2016-2020
REC_0345,VISION_OBJECT,VISION,MIXED,OTHER/UNKNOWN,Q-Medium,2016-2020
REC_0346,HYBRID,VISION,MIXED,OTHER/UNKNOWN,Q-High,2021-2026
REC_0347,VIO,VISION,MIXED,KALMAN_FILTER,Q-High,2021-2026
REC_0362,COOPERATIVE,VISION,MIXED,OTHER/UNKNOWN,Q-Medium,2016-2020
REC_0363,OTHER,IMU_ONLY,MIXED,OTHER/UNKNOWN,Q-High,2016-2020
REC_0369,HYBRID,VISION,INDOOR,OTHER/UNKNOWN,Q-High,2010-2015
REC_0388,SURVEY,VISION,MIXED,OTHER/UNKNOWN,Q-Low,2021-2026
REC_0391,COOPERATIVE,IMU_ONLY,MIXED,OTHER/UNKNOWN,Q-Medium,2021-2026
REC_0409,HYBRID,LIDAR,UNDERGROUND,OTHER/UNKNOWN,Q-High,2021-2026
REC_0426,HYBRID,VISION,INDOOR,OTHER/UNKNOWN,Q-High,2021-2026
REC_0438,VISION_OBJECT,VISION,MIXED,OTHER/UNKNOWN,Q-Medium,2016-2020
REC_0444,COOPERATIVE,OTHER,MIXED,OTHER/UNKNOWN,Q-Low,2021-2026
REC_0455,OTHER,OTHER,MIXED,OTHER/UNKNOWN,Q-Medium,2016-2020
REC_0459,COOPERATIVE,OTHER,MIXED,OTHER/UNKNOWN,Q-Medium,2021-2026
REC_0461,HYBRID,VISION,INDOOR,OTHER/UNKNOWN,Q-Medium,2010-2015
REC_0464,VIO,VISION,MIXED,KALMAN_FILTER,Q-Medium,2016-2020
REC_0469,SYSTEM,VISION,INDOOR,OTHER/UNKNOWN,Q-Medium,2021-2026
REC_0475,COOPERATIVE,VISION,MIXED,OTHER/UNKNOWN,Q-Medium,2021-2026
REC_0481,HYBRID,VISION,MIXED,OTHER/UNKNOWN,Q-High,2021-2026
REC_0485,HYBRID,VISION,MIXED,OTHER/UNKNOWN,Q-High,2016-2020
REC_0489,HYBRID,VISION,GNSS_DENIED_OTHER,KALMAN_FILTER,Q-High,2021-2026
REC_0502,HYBRID,VISION,MIXED,OTHER/UNKNOWN,Q-High,2021-2026
REC_0503,UWB,UWB,MIXED,OTHER/UNKNOWN,Q-High,2021-2026
REC_0534,HYBRID,VISION,MIXED,OTHER/UNKNOWN,Q-Medium,2016-2020
REC_0537,OTHER,IMU_ONLY,INDOOR,KALMAN_FILTER,Q-Medium,2021-2026
REC_0544,VISION_OBJECT,IMU_ONLY,MIXED,OTHER/UNKNOWN,Q-High,2021-2026
REC_0572,HYBRID,VISION,MIXED,OTHER/UNKNOWN,Q-Low,2021-2026
REC_0594,VISION_OBJECT,VISION,MIXED,OTHER/UNKNOWN,Q-High,2010-2015
REC_0598,OTHER,OTHER,MIXED,OTHER/UNKNOWN,Q-Medium,2016-2020
REC_0617,VIO,VISION,INDOOR,KALMAN_FILTER,Q-High,2016-2020
REC_0620,HYBRID,VISION,MIXED,OTHER/UNKNOWN,Q-Medium,2021-2026
REC_0622,OTHER,RADAR,MIXED,OTHER/UNKNOWN,Q-Medium,2021-2026
REC_0631,HYBRID,OTHER,MIXED,OTHER/UNKNOWN,Q-Low,2016-2020
REC_0639,VISION_OBJECT,VISION,MIXED,OTHER/UNKNOWN,Q-High,2021-2026
REC_0644,VIO,OTHER,MIXED,KALMAN_FILTER,Q-High,2021-2026
REC_0647,OTHER,OTHER,INDOOR,OTHER/UNKNOWN,Q-High,2016-2020
REC_0652,VISION_OBJECT,VISION,INDOOR,OTHER/UNKNOWN,Q-High,2021-2026
REC_0656,VISION_OBJECT,VISION,MIXED,OTHER/UNKNOWN,Q-High,2021-2026
REC_0687,OTHER,OTHER,MIXED,OTHER/UNKNOWN,Q-High,2021-2026
REC_0688,COOPERATIVE,VISION,MIXED,OTHER/UNKNOWN,Q-High,2016-2020
REC_0701,VISION_OBJECT,VISION,MIXED,OTHER/UNKNOWN,Q-Medium,2021-2026
REC_0705,HYBRID,IMU_ONLY,INDOOR,OTHER/UNKNOWN,Q-High,2021-2026
REC_0706,LIDAR,VISION,MIXED,OTHER/UNKNOWN,Q-Medium,2021-2026
REC_0713,HYBRID,LIDAR,MIXED,OTHER/UNKNOWN,Q-High,2021-2026
REC_0716,COOPERATIVE,VISION,MIXED,OTHER/UNKNOWN,Q-Medium,2016-2020
REC_0719,VISION_OBJECT,VISION,MIXED,OTHER/UNKNOWN,Q-High,2010-2015
REC_0752,COOPERATIVE,IMU_ONLY,MIXED,OTHER/UNKNOWN,Q-Medium,2016-2020
REC_0814,VISION_OBJECT,VISION,INDOOR,KALMAN_FILTER,Q-High,2016-2020
REC_0816,VISION_OBJECT,VISION,MIXED,OTHER/UNKNOWN,Q-High,2021-2026
REC_0824,VISION_OBJECT,VISION,MIXED,OTHER/UNKNOWN,Q-High,2021-2026
REC_0840,VISION_OBJECT,VISION,MIXED,OTHER/UNKNOWN,Q-High,2021-2026
REC_0857,COOPERATIVE,OTHER,MIXED,OTHER/UNKNOWN,Q-Medium,2021-2026
REC_0859,VIO,VISION,MIXED,KALMAN_FILTER,Q-High,2016-2020
REC_0870,SURVEY,VISION,MIXED,OTHER/UNKNOWN,Q-Low,2021-2026
REC_0896,SLAM,VISION,INDOOR,KALMAN_FILTER,Q-High,2016-2020
REC_0932,VISION_OBJECT,VISION,MIXED,OTHER/UNKNOWN,Q-Medium,2016-2020
REC_0951,LIDAR,LIDAR,MIXED,OTHER/UNKNOWN,Q-High,2021-2026
REC_0960,COOPERATIVE,UWB,MIXED,KALMAN_FILTER,Q-High,2021-2026
REC_0961,VISION_OBJECT,OTHER,MIXED,OTHER/UNKNOWN,Q-Medium,2021-2026
REC_0973,COOPERATIVE,VISION,MIXED,OTHER/UNKNOWN,Q-Low,2016-2020
REC_0981,HYBRID,IMU_ONLY,MIXED,OTHER/UNKNOWN,Q-Low,2021-2026
REC_0986,COOPERATIVE,OTHER,MIXED,KALMAN_FILTER,Q-High,2016-2020
REC_0993,VIO,VISION,INDOOR,OTHER/UNKNOWN,Q-Medium,2016-2020
REC_0994,VISION_OBJECT,VISION,INDOOR,OTHER/UNKNOWN,Q-High,2016-2020
REC_0995,VIO,IMU_ONLY,MIXED,KALMAN_FILTER,Q-High,2021-2026
REC_1001,SLAM,VISION,MIXED,OTHER/UNKNOWN,Q-Medium,2016-2020
REC_1002,HYBRID,VISION,MIXED,OTHER/UNKNOWN,Q-Medium,2016-2020
REC_1006,SURVEY,VISION,MIXED,OTHER/UNKNOWN,Q-Low,2021-2026
REC_1007,VISION_OBJECT,OTHER,MIXED,OTHER/UNKNOWN,Q-High,2021-2026
REC_1011,COOPERATIVE,OTHER,MIXED,OTHER/UNKNOWN,Q-Medium,2016-2020
REC_1014,COOPERATIVE,IMU_ONLY,MIXED,KALMAN_FILTER,Q-Medium,2021-2026
REC_1017,HYBRID,IMU_ONLY,MIXED,OTHER/UNKNOWN,Q-Medium,2021-2026
REC_1018,HYBRID,IMU_ONLY,MIXED,KALMAN_FILTER,Q-High,2021-2026
REC_1019,SURVEY,VISION,MIXED,OTHER/UNKNOWN,Q-Medium,2021-2026
REC_1021,VISION_OBJECT,VISION,MIXED,OTHER/UNKNOWN,Q-High,2016-2020
REC_1023,HYBRID,IMU_ONLY,MIXED,OTHER/UNKNOWN,Q-High,2021-2026
REC_1025,SURVEY,UWB,MIXED,OTHER/UNKNOWN,Q-Low,2021-2026
REC_1026,UWB,VISION,MIXED,OTHER/UNKNOWN,Q-High,2021-2026
REC_1028,HYBRID,LIDAR,MIXED,KALMAN_FILTER,Q-Low,2016-2020
REC_1029,HYBRID,VISION,MIXED,KALMAN_FILTER,Q-High,2021-2026
REC_1032,HYBRID,RADAR,INDOOR,OTHER/UNKNOWN,Q-High,2021-2026
REC_1034,HYBRID,VISION,MIXED,KALMAN_FILTER,Q-High,2016-2020
REC_1043,COOPERATIVE,UWB,MIXED,OTHER/UNKNOWN,Q-Medium,2021-2026
REC_1044,VIO,OTHER,MIXED,KALMAN_FILTER,Q-High,2021-2026
REC_1046,VISION_OBJECT,VISION,MIXED,OTHER/UNKNOWN,Q-High,2021-2026
REC_1048,HYBRID,IMU_ONLY,MIXED,OTHER/UNKNOWN,Q-High,2021-2026
REC_1049,COOPERATIVE,VISION,MIXED,OTHER/UNKNOWN,Q-Medium,2016-2020
REC_1055,SLAM,VISION,FOREST,OTHER/UNKNOWN,Q-Low,2016-2020
REC_1059,HYBRID,IMU_ONLY,MIXED,OTHER/UNKNOWN,Q-High,2016-2020
REC_1063,VIO,VISION,INDOOR,KALMAN_FILTER,Q-Medium,2016-2020
REC_1067,HYBRID,VISION,MIXED,OTHER/UNKNOWN,Q-High,2021-2026
REC_1069,COOPERATIVE,VISION,MIXED,OTHER/UNKNOWN,Q-High,2021-2026
REC_1080,VISION_OBJECT,VISION,INDOOR,OTHER/UNKNOWN,Q-High,2021-2026
REC_1083,TERRAIN_AIDED_NAVIGATION,IMU_ONLY,GNSS_DENIED_OTHER,OTHER/UNKNOWN,Q-Medium,2021-2026
REC_1084,DEEP_LEARNING_ODOMETRY,LIDAR,GNSS_DENIED_OTHER,OTHER/UNKNOWN,Q-Medium,2021-2026
REC_1085,VISUAL_INERTIAL,IMU_ONLY,GNSS_DENIED_OTHER,OTHER/UNKNOWN,Q-Medium,2021-2026
REC_1095,MULTI_SENSOR_FUSION,IMU_ONLY,INDOOR,KALMAN_FILTER,Q-Medium,2016-2020
REC_1096,COOPERATIVE_SWARM_LOCALIZATION,VISION,NOT_REPORTED,KALMAN_FILTER,Q-Medium,2021-2026
REC_1103,HYBRID,LIDAR,MIXED,KALMAN_FILTER,Q-High,2016-2020
REC_1105,LIDAR,LIDAR,MIXED,OTHER/UNKNOWN,Q-Medium,2021-2026
REC_1106,COOPERATIVE,VISION,INDOOR,OTHER/UNKNOWN,Q-Medium,2021-2026
REC_1107,COOPERATIVE,IMU_ONLY,MIXED,KALMAN_FILTER,Q-High,2021-2026
REC_1110,HYBRID,VISION,MIXED,OTHER/UNKNOWN,Q-Medium,2021-2026
REC_1114,OTHER,VISION,MIXED,OTHER/UNKNOWN,Q-High,2021-2026
REC_1115,VISION_OBJECT,VISION,MIXED,OTHER/UNKNOWN,Q-High,2021-2026
REC_1116,VIO,VISION,INDOOR,OTHER/UNKNOWN,Q-High,2021-2026
REC_1118,HYBRID,VISION,INDOOR,OTHER/UNKNOWN,Q-High,2021-2026
REC_1123,VISION_OBJECT,VISION,MIXED,FACTOR_GRAPH,Q-High,2021-2026
REC_1130,VISION_OBJECT,VISION,MIXED,OTHER/UNKNOWN,Q-Medium,2016-2020
REC_1132,VIO,VISION,INDOOR,OTHER/UNKNOWN,Q-High,2016-2020
REC_1135,VISION_OBJECT,VISION,MIXED,OTHER/UNKNOWN,Q-High,2021-2026
REC_1137,HYBRID,VISION,INDOOR,OTHER/UNKNOWN,Q-Medium,2016-2020
REC_1140,HYBRID,VISION,MIXED,OTHER/UNKNOWN,Q-High,2021-2026
REC_1142,VIO,VISION,INDOOR,KALMAN_FILTER,Q-Medium,2021-2026
REC_1146,HYBRID,UWB,MIXED,OTHER/UNKNOWN,Q-High,2016-2020
REC_1148,VISION_OBJECT,VISION,INDOOR,OTHER/UNKNOWN,Q-High,2021-2026
REC_1150,VISION_OBJECT,VISION,MIXED,OTHER/UNKNOWN,Q-High,2021-2026
REC_1159,RADAR,RADAR,MIXED,OTHER/UNKNOWN,Q-High,2021-2026
REC_1160,UWB,VISION,INDOOR,OTHER/UNKNOWN,Q-Low,2021-2026
REC_1163,HYBRID,VISION,MIXED,KALMAN_FILTER,Q-Medium,2021-2026
REC_1165,SURVEY,VISION,MIXED,OTHER/UNKNOWN,Q-Low,2021-2026
REC_1167,COOPERATIVE,OTHER,MIXED,OTHER/UNKNOWN,Q-Medium,2021-2026
REC_1171,DATASET,VISION,INDOOR,OTHER/UNKNOWN,Q-High,2021-2026
REC_1172,LIDAR,LIDAR,INDOOR,OTHER/UNKNOWN,Q-High,2021-2026
REC_1175,VIO,VISION,INDOOR,OTHER/UNKNOWN,Q-High,2021-2026
REC_1178,COOPERATIVE,VISION,MIXED,OTHER/UNKNOWN,Q-High,2021-2026
REC_1185,COOPERATIVE,OTHER,MIXED,OTHER/UNKNOWN,Q-Medium,2021-2026
REC_1186,OTHER,OTHER,MIXED,OTHER/UNKNOWN,Q-Medium,2016-2020
REC_1187,COOPERATIVE,IMU_ONLY,MIXED,OTHER/UNKNOWN,Q-Low,2016-2020
REC_1189,HYBRID,VISION,INDOOR,OTHER/UNKNOWN,Q-High,2021-2026
REC_1190,OTHER,IMU_ONLY,MIXED,OTHER/UNKNOWN,Q-Medium,2021-2026
REC_1191,OTHER,IMU_ONLY,MIXED,OTHER/UNKNOWN,Q-High,2021-2026
REC_1192,OTHER,IMU_ONLY,INDOOR,OTHER/UNKNOWN,Q-High,2016-2020
REC_1194,HYBRID,VISION,MIXED,KALMAN_FILTER,Q-High,2021-2026
REC_1196,VISION_OBJECT,VISION,INDOOR,OTHER/UNKNOWN,Q-High,2021-2026
REC_1207,VIO,VISION,MIXED,OTHER/UNKNOWN,Q-Medium,2010-2015
REC_1208,COOPERATIVE,VISION,MIXED,OTHER/UNKNOWN,Q-Medium,2021-2026
REC_1212,VISION_OBJECT,VISION,MIXED,OTHER/UNKNOWN,Q-Medium,2016-2020
REC_1216,HYBRID,LIDAR,MIXED,KALMAN_FILTER,Q-Medium,2021-2026
REC_1217,HYBRID,VISION,MIXED,KALMAN_FILTER,Q-Medium,2016-2020
REC_1223,VISION_OBJECT,VISION,MIXED,OTHER/UNKNOWN,Q-High,2021-2026
REC_1232,HYBRID,VISION,MIXED,OTHER/UNKNOWN,Q-High,2021-2026
REC_1235,VISION_OBJECT,VISION,MIXED,OTHER/UNKNOWN,Q-Medium,2021-2026
REC_1243,COOPERATIVE,VISION,MIXED,OTHER/UNKNOWN,Q-Medium,2021-2026
REC_1245,HYBRID,VISION,MIXED,OTHER/UNKNOWN,Q-High,2016-2020
REC_1248,HYBRID,IMU_ONLY,MIXED,OTHER/UNKNOWN,Q-High,2021-2026
REC_1250,VIO,IMU_ONLY,MIXED,OTHER/UNKNOWN,Q-Medium,2021-2026
REC_1251,COOPERATIVE,LIDAR,MIXED,OTHER/UNKNOWN,Q-High,2021-2026
REC_1252,OTHER,IMU_ONLY,MIXED,OTHER/UNKNOWN,Q-Medium,2021-2026
REC_1253,SLAM,VISION,MIXED,OTHER/UNKNOWN,Q-Medium,2021-2026
REC_1267,COOPERATIVE,LIDAR,UNDERGROUND,KALMAN_FILTER,Q-High,2016-2020
REC_1270,VIO,VISION,MIXED,OTHER/UNKNOWN,Q-High,2021-2026
REC_1274,COOPERATIVE,VISION,UNDERGROUND,OTHER/UNKNOWN,Q-Medium,2021-2026
REC_1277,HYBRID,IMU_ONLY,MIXED,OTHER/UNKNOWN,Q-High,2021-2026
REC_1282,LIDAR,LIDAR,INDOOR,OTHER/UNKNOWN,Q-High,2021-2026
REC_1283,VIO,VISION,MIXED,KALMAN_FILTER,Q-Medium,2016-2020
REC_1285,OTHER,VISION,INDOOR,KALMAN_FILTER,Q-Medium,2016-2020
REC_1286,VISION_OBJECT,VISION,MIXED,OTHER/UNKNOWN,Q-High,2016-2020
REC_1289,HYBRID,VISION,INDOOR,OTHER/UNKNOWN,Q-High,2021-2026
REC_1295,VISION_OBJECT,VISION,MIXED,OTHER/UNKNOWN,Q-High,2021-2026
REC_1298,COOPERATIVE,VISION,UNDERGROUND,OTHER/UNKNOWN,Q-Medium,2021-2026
REC_1302,COOPERATIVE,VISION,MIXED,OTHER/UNKNOWN,Q-High,2021-2026
REC_1304,COOPERATIVE,UWB,MIXED,OTHER/UNKNOWN,Q-Medium,2021-2026
REC_1306,VISION_OBJECT,VISION,MIXED,OTHER/UNKNOWN,Q-Medium,2021-2026
REC_1307,HYBRID,VISION,INDOOR,OTHER/UNKNOWN,Q-High,2016-2020
REC_1308,HYBRID,VISION,MIXED,OTHER/UNKNOWN,Q-Medium,2021-2026
REC_1309,VISION_OBJECT,VISION,MIXED,OTHER/UNKNOWN,Q-Medium,2021-2026
REC_1313,HYBRID,VISION,MIXED,OTHER/UNKNOWN,Q-High,2016-2020
REC_1316,OTHER,LIDAR,MIXED,OTHER/UNKNOWN,Q-High,2021-2026
REC_1320,HYBRID,VISION,MIXED,OTHER/UNKNOWN,Q-High,2016-2020
REC_1322,VSLAM,VISION,INDOOR,OTHER/UNKNOWN,Q-Medium,2016-2020
REC_1330,VISION_OBJECT,VISION,MIXED,OTHER/UNKNOWN,Q-Medium,2016-2020
REC_1336,HYBRID,VISION,INDOOR,OTHER/UNKNOWN,Q-High,2016-2020
REC_1346,HYBRID,VISION,INDOOR,OTHER/UNKNOWN,Q-High,2021-2026
REC_1348,LIDAR,LIDAR,FOREST,OTHER/UNKNOWN,Q-Medium,2021-2026
REC_1355,LIDAR,LIDAR,MIXED,OTHER/UNKNOWN,Q-High,2021-2026
REC_1358,HYBRID,RADAR,MIXED,OTHER/UNKNOWN,Q-High,2021-2026
REC_1366,COOPERATIVE,IMU_ONLY,MIXED,OTHER/UNKNOWN,Q-Medium,2016-2020
REC_1370,UNKNOWN,UWB,MIXED,OTHER/UNKNOWN,Q-High,2021-2026
REC_1373,UNKNOWN,VISION,INDOOR,OTHER/UNKNOWN,Q-High,2016-2020
REC_1378,UNKNOWN,VISION,MIXED,OTHER/UNKNOWN,Q-High,2016-2020
REC_1393,UNKNOWN,UWB,MIXED,OTHER/UNKNOWN,Q-High,2021-2026
REC_1399,UNKNOWN,VISION,MIXED,OTHER/UNKNOWN,Q-High,2021-2026
REC_1402,HYBRID,VISION,UNDERGROUND,OTHER/UNKNOWN,Q-Low,2021-2026
REC_1403,OTHER,OTHER,MIXED,OTHER/UNKNOWN,Q-High,2016-2020
REC_1405,VISION_OBJECT,VISION,MIXED,OTHER/UNKNOWN,Q-Medium,2021-2026
REC_1417,LIDAR,LIDAR,INDOOR,OTHER/UNKNOWN,Q-High,2021-2026
REC_1423,VISION_OBJECT,VISION,MIXED,OTHER/UNKNOWN,Q-High,2016-2020
REC_1429,UNKNOWN,VISION,UNDERGROUND,OTHER/UNKNOWN,Q-Medium,2021-2026
REC_1431,UNKNOWN,OTHER,MIXED,OTHER/UNKNOWN,Q-Medium,2021-2026
REC_1432,UNKNOWN,VISION,URBAN_CANYON,KALMAN_FILTER,Q-Medium,2021-2026
REC_1435,UNKNOWN,VISION,MIXED,OTHER/UNKNOWN,Q-High,2021-2026
REC_1438,UNKNOWN,LIDAR,FOREST,OTHER/UNKNOWN,Q-Low,2016-2020
REC_1439,HYBRID,VISION,URBAN_CANYON,OTHER/UNKNOWN,Q-High,2021-2026
REC_1443,COOPERATIVE,VISION,MIXED,OTHER/UNKNOWN,Q-Medium,2021-2026
REC_1451,VISION_OBJECT,VISION,INDOOR,OTHER/UNKNOWN,Q-Low,2016-2020
REC_1453,HYBRID,VISION,MIXED,OTHER/UNKNOWN,Q-High,2021-2026
REC_1454,VISION_OBJECT,VISION,MIXED,OTHER/UNKNOWN,Q-High,2021-2026
REC_1455,HYBRID,VISION,MIXED,OTHER/UNKNOWN,Q-High,2021-2026
REC_1459,VISION_OBJECT,VISION,UNDERGROUND,OTHER/UNKNOWN,Q-Medium,2021-2026
REC_1463,COOPERATIVE,VISION,INDOOR,OTHER/UNKNOWN,Q-Medium,2021-2026
REC_1474,VISION_OBJECT,VISION,MIXED,OTHER/UNKNOWN,Q-High,2021-2026
REC_1480,VISION_OBJECT,VISION,INDOOR,OTHER/UNKNOWN,Q-Medium,2016-2020
REC_1502,UNKNOWN,VISION,INDOOR,OTHER/UNKNOWN,Q-High,2021-2026
REC_1512,UNKNOWN,IMU_ONLY,MIXED,OTHER/UNKNOWN,Q-Medium,2021-2026
REC_1541,UNKNOWN,VISION,MIXED,OTHER/UNKNOWN,Q-High,2016-2020
REC_1557,UNKNOWN,UWB,MIXED,OTHER/UNKNOWN,Q-Medium,2021-2026
REC_1561,UNKNOWN,VISION,FOREST,OTHER/UNKNOWN,Q-Medium,2010-2015
REC_1564,UWB,UWB,MIXED,OTHER/UNKNOWN,Q-High,2016-2020
REC_1573,VISION_OBJECT,VISION,MIXED,OTHER/UNKNOWN,Q-Medium,2021-2026
REC_1576,HYBRID,VISION,MIXED,OTHER/UNKNOWN,Q-Medium,2021-2026
REC_1582,SURVEY,OTHER,MIXED,OTHER/UNKNOWN,Q-Low,2016-2020
REC_1587,HYBRID,IMU_ONLY,INDOOR,KALMAN_FILTER,Q-High,2021-2026
REC_1608,HYBRID,IMU_ONLY,INDOOR,OTHER/UNKNOWN,Q-High,2016-2020
REC_1612,VISION_OBJECT,VISION,MIXED,OTHER/UNKNOWN,Q-Medium,2016-2020
REC_1619,HYBRID,VISION,INDOOR,OTHER/UNKNOWN,Q-Medium,2016-2020
REC_1637,OTHER,VISION,MIXED,OTHER/UNKNOWN,Q-High,2016-2020
REC_1640,VISION_OBJECT,VISION,INDOOR,KALMAN_FILTER,Q-High,2016-2020
REC_1642,VISION_OBJECT,VISION,INDOOR,OTHER/UNKNOWN,Q-Medium,2016-2020
REC_1653,VISION_OBJECT,VISION,MIXED,OTHER/UNKNOWN,Q-High,2021-2026
REC_1660,HYBRID,UWB,MIXED,KALMAN_FILTER,Q-Medium,2021-2026
REC_1667,SLAM,VISION,INDOOR,OTHER/UNKNOWN,Q-Medium,2016-2020
REC_1678,LIDAR,LIDAR,MIXED,OTHER/UNKNOWN,Q-Medium,2021-2026
REC_1715,SLAM,LIDAR,INDOOR,OTHER/UNKNOWN,Q-Medium,2010-2015
