id,subscore_rigor,subscore_reporting,subscore_baseline,subscore_repro,total,tier,evidence_quote
REC_0001,3,3,0,0,6,Q-Medium,method: The proposed framework transforms BIM into a lightweight semantic-topological graph and converts UAV image observations ... | metrics: Results demonstrate that the proposed framework achieves 95.95% localization coverage and 100% valid-frame node accuracy | baseline: NO_BASELINE
REC_0003,4,3,2,1,10,Q-High,"method: The proposed system integrates an Intel RealSense D435 depth camera, a Raspberry Pi 4B for onboard computation, a laser ... | metrics: the proposed scheme shows mean path error and mean altitude deviation of 0.094 ± 0.031 m and 0.027 ± 0.005 m respectivel... | baseline: The autonomous flight of the quadcopter was tested in an indoor environment created in a room, with ... | repro: The autonomous flight of the quadcopter was tested in an indoor environment created in a room, with ..."
REC_0006,3,3,0,0,6,Q-Medium,method: The proposed approach employs a dual-strategy navigation framework: (i) Visual Simultaneous Localization and Mapping (VS... | metrics: TABLEI SUMMARY OF SIL AND HIL NAVIGATION PERFORMANCE ... Simulated 100 m 3.95 cm 10 cm Real 50 m 4.10 cm 15 cm | baseline: NO_BASELINE
REC_0008,2,1,0,1,4,Q-Low,method: This paper presented a framework to formulate a UAV navigation and exploration mission in unknown GPS-denied environment... | baseline: NO_BASELINE | repro: The framework was tested in simulation using software in the loop (SITL).
REC_0010,3,3,0,1,7,Q-Medium,"method: The main task for the computer vision algorithm is to eliminate the errors cumulated in the flight path. To do this, a L... | metrics: considering all the flight, the average error was 5.75 meters, while, considering only the estimates based on identified... | baseline: NO_BASELINE | repro: The test consisted in a planned navigation route in the nearby areas of the Berlin Tegel Airport, an..."
REC_0013,4,3,2,0,9,Q-Medium,"method: Introduces a new quantum-enhanced localization system combining quantum-inspired optimization methods with multi-sensor ... | metrics: Take urban canyons. The mean error dropped to 0.8 meters there. That's a 65 per cent improvement over the EKF in [22]. I... | baseline: We put together a simulation setup based on methods from those papers, like [19]. The goal was to te..."
REC_0017,3,3,0,1,7,Q-Medium,"method: a visual-inertial system (VINS) consisting of a monocular camera and a low-cost inertial measurement unit (IMU) should b... | metrics: Despite the trajectories having different velocities and accelerations, the error results are in the same range of value... | baseline: NO_BASELINE | repro: The experiment has been performed at the TLAB at the National University of Singapore. We have teste..."
REC_0022,3,3,0,0,6,Q-Medium,"method: The UAV and MP are ranged via a UWB node, and the UAV is displaced by its own visual odometer and IMU. ... This paper pr... | metrics: First, based on the accuracy of realistic UWB sensors, a zero-mean random noise with uniform distribution on the interva... | baseline: NO_BASELINE"
REC_0023,4,3,2,0,9,Q-High,"method: we propose a multi-modal, multi-spectral approach on visual/thermal camera and IMU fusion. | metrics: A final position error of 0.4857 m was estimated | baseline: flight tests were conducted"
REC_0025,4,3,0,0,7,Q-Medium,method: the design and evaluation of a practical and cooperative UWB positioning system using newly available integrated radio f... | metrics: A 95 % probability positioning accuracy of 10 cm in the horizontal plane and 20 cm in the three-dimensional space was ex... | baseline: NO_BASELINE
REC_0028,4,3,2,0,9,Q-High,"method: The waypoint navigation problem is formulated as a greedy (i.e., one-step look-ahead) multiobjective motion planning (MO... | metrics: Monte Carlo simulations are presented showing that the MOMP strategy achieves the desired objective with 95% success rat... | baseline: an environment was first built in simulation based on the real field experimental environment."
REC_0035,4,3,2,1,10,Q-High,"method: We present our systematic solution with integrated hardware and software design, robust state estimation and mission man... | metrics: The average translation error (ATE) of Hector SLAM is 0.071m whereas ATE of Cartographer SLAM is 0.059m. | baseline: Extensive experimental results demonstrate the robustness and effectiveness of the overall integrate... | repro: Extensive experimental results demonstrate the robustness and effectiveness of the overall integrate..."
REC_0037,4,3,2,1,10,Q-High,"method: The proposed visual localization pipeline combines deep matching with SuperPoint–LightGlue, satellite–camera alignment v... | metrics: In real flights validated against RTK GNSS, a positioning error of 10 m (MAE) and 14 m (RMSE) in the X–Y plane is obtain... | baseline: real flights validated against RTK GNSS ... at approximately 500 m altitude | repro: real flights validated against RTK GNSS ... at approximately 500 m altitude"
REC_0041,4,3,2,1,10,Q-High,"method: The proposed method was compared with the monocular visual-inertial system (VINS-MONO) (Qin et al. 2018) and point and l... | metrics: the experimental results showing that the positioning accuracy of the proposed method on the public EuRoc dataset (Burri... | baseline: three real-world environments with varying brightness, weak textures, and large-scale complex scenes | repro: three real-world environments with varying brightness, weak textures, and large-scale complex scenes"
REC_0043,4,3,0,0,7,Q-Medium,"method: A robust multi-sensor fusion-based robust navigation method which has failure detection features is proposed to enable s... | metrics: For 100 number of trees, the velocity mean is around 2.78 m/s. | baseline: NO_BASELINE"
REC_0057,3,2,1,0,6,Q-Medium,"method: we develop a 3D simulator based on robot operation system (ROS) and a game engine, Unity3D. Unity3D has powerful graphic... | metrics: For single UAV case, based on above development, the simulator can run smoothly. The FPS can approach 40, which means th... | baseline: city map and forest map for testing purpose currently"
REC_0064,4,3,2,0,9,Q-Medium,"method: we propose a packet loss-based positioning approach, wherein a drone estimates its current position by utilizing wireles... | metrics: the navigation error at the initiation of the first navigation operation at t = 19 s is 11.69 m. While the last navigati... | baseline: two-dimensional Euclidean space"
REC_0065,3,3,0,1,7,Q-Medium,"method: The aim of improving autonomous navigation in GNSS-denied and partially known environments is also the main goal of the ... | metrics: Despite the sensor having been proven to be precise enough in navigation, experimental tests have identified a drift in ... | baseline: NO_BASELINE | repro: urban-like in a scaled indoor environment (length = 20 m width = 10 m and height = 3 m)"
REC_0066,4,3,0,0,7,Q-Medium,method: The proposed solution leverages a stereo vision camera and a Raspberry Pi onboard unit. It offers a low-cost solution th... | metrics: Real-time testing of the proposed technique demonstrates its efficacy in detecting and avoiding obstacles within a thres... | baseline: NO_BASELINE
REC_0071,3,3,0,1,7,Q-Medium,"method: This paper presents a localization system for 3D position estimation based on 24 GHz FMCW cooperative radar. | metrics: A measurement campaign was conducted to prove the feasibility of the proposed concept. | baseline: NO_BASELINE | repro: RC model airfield in Orsbach/Aachen, Germany"
REC_0077,4,3,2,0,9,Q-High,"method: The path-planning pipeline implements a complete end-to-end framework for safe autonomous UAV navigation in cluttered, G... | metrics: Horizontal performance is particularly strong, maintaining submeter accuracy throughout the mission with an XY RMSE of 0... | baseline: open field"
REC_0080,4,3,0,1,8,Q-High,method: In this paper we describe an autonomous guidance system for an UAV that exploits computer vision processing for localiza... | metrics: In this case it is shown that the error given by the localization filter is less than 20 cm | baseline: NO_BASELINE | repro: indoor testing environment
REC_0084,4,3,0,1,8,Q-Medium,"method: In this paper, we present a method for autonomous navigation and detection of surface water bodies in the GPS denied env... | metrics: The calculated RMS error values in the x, y and z coordinates were 28.4726, 28.4202 and 1.8761 meters respectively. | baseline: NO_BASELINE | repro: simulated Mars environment"
REC_0095,4,3,2,0,9,Q-Medium,method: This article proposes a clustering-based cooperative relative localization scheme for UAV swarm | metrics: Simulation results show that the proposed CFG algorithms shorten the ranging time compared with global localization and ... | baseline: 3-D space (L_lg × L_wd × L_he)
REC_0096,4,3,2,0,9,Q-High,"method: This paper addresses the problem of accurate positioning and navigation of UAVs through cooperative localization. Inexpe... | metrics: For the small UGV setting, the error goes over 1m almost 20% of the time, being highly unstable. | baseline: Turku, Finland (precise location is 60.4557389°N, 22.2843384°E), between a short line of trees and a..."
REC_0102,4,3,2,1,10,Q-Medium,"method: this paper proposes a feasibility study of a quantum-enhanced multi-sensor fusion framework that integrates cold-atom ac... | metrics: the quantum-enhanced EKF remains below this threshold for nearly 0.47 s, a 19-fold improvement. | baseline: EuRoC MAV benchmark | repro: EuRoC MAV benchmark"
REC_0107,4,3,2,0,9,Q-High,"method: First, the UAV relative velocity is calculated based on image processing approach from the radar range doppler map, then... | metrics: The proposed system 2D RMS errors reached 1.5 m during 240 seconds of a complete GNSS system outage, while the performan... | baseline: outdoor environment"
REC_0111,4,3,2,0,9,Q-High,"method: The position is calculated through the semi-direct visual odometry (SVO) method alongside IMU data, and is integrated wi... | metrics: The RMSE of error is 9.43 meters which is 0.62% of the traveled distance. | baseline: outdoor environment"
REC_0115,4,3,2,0,9,Q-Medium,"method: We developed a data fusion architecture that does not use these filters. We use an ultra-light-coupling fusion architect... | metrics: position errors are bound to 20cm for North and Up, 50cm for East. | baseline: high density city area"
REC_0118,4,3,2,1,10,Q-High,"method: we developed and verified a vision-aided guidance system using the air-ground robot cooperation. | metrics: The RMSE of x, y and z axes are 3.1 cm, 1.7 cm and 0.9 cm respectively. | baseline: indoor conditions | repro: indoor conditions"
REC_0123,2,1,0,1,4,Q-Low,method: This paper proposes a multi-camera landing aid system based on ArUco markers. | baseline: NO_BASELINE | repro: 
REC_0131,4,3,2,0,9,Q-High,"method: A digital twin (DT)-based framework for autonomous drone navigation in GPS-denied indoor environments is presented in th... | metrics: The proposed DT system achieves an RMS trajectory deviation of approximately 0.015 m, representing an order-of-magnitude... | baseline: 224 cm × 224 cm arena with ArUco markers"
REC_0138,4,3,2,0,9,Q-High,method: we present a novel integrated vehicular system using collaborative unmanned aerial vehicles (UAVs) and unmanned ground v... | metrics: the independent 2.5D mapping by the UGV is only able to cover up to approximately 60% of the specified bounding box of t... | baseline: simulated cluttered chamber
REC_0149,4,3,2,0,9,Q-High,"method: The proposed approach uses deep learning models trained on aerial map patches and high-resolution images captured direct... | metrics: After filtering, localization errors are reduced... mean localization error of 9.71 m, with most predictions within 5-15... | baseline: designated operational area approximately 1.5 kilometers distance with a high zoom level Z23"
REC_0155,4,3,2,0,9,Q-High,method: A novel approach for cooperative navigation and guidance of a micro-scale aerial vehicle by an accompanying Unmanned Aer... | metrics: The overall 2D RMSE of the LiDAR localization was 0.13m and its overall 3D RMSE was 0.34m. | baseline: large indoor arena
REC_0161,4,3,2,0,9,Q-High,"method: a deep learning-enhanced multi-sensor fusion SLAM system for autonomous indoor environment exploration of UAVs is propos... | metrics: Our results showcase a promising navigation accuracy, with errors as low as 0.4 meters, and mapping quality characterize... | baseline: warehouse space and customised to roughly 7m×7m×5m dimensions"
REC_0165,4,3,2,0,9,Q-Medium,"method: We propose an end-to-end cross-view geo-localization framework mitigating geometric and appearance discrepancies. | metrics: it achieves 93.59% Recall@1 on University-1652 and 93.56% on DenseUAV, outperforming baselines. | baseline: University-1652"
REC_0179,4,3,2,0,9,Q-High,method: A novel concept for ad-hoc landing of unmanned aerial vehicles (UAV) in GNSS-denied environment is presented in this pap... | metrics: The 3D-positioning of the UAV with the RMSE under 36 cm using only a single beacon and 31 cm using four beacons were ach... | baseline: field measurements in Wurzburg
REC_0195,4,3,2,0,9,Q-High,"method: The article proposes a five-stage autonomous continuous positioning method that integrates inertial navigation and image... | metrics: two-stage matching can reduce the average plane positioning error from 26.32m in single-stage matching to 12.95m, a decr... | baseline: UAV-VisLoc dataset"
REC_0196,3,1,1,1,6,Q-Medium,method: the IMU information read from the flight controller and the image information read from the RGB-D camera are fused using... | baseline: pure RGBD-SLAM | repro: pure RGBD-SLAM
REC_0202,3,1,0,0,4,Q-Low,method: a method for UAV positioning in GPS-denied environment through a multi-sensor fusion algorithm is proposed. | baseline: NO_BASELINE
REC_0208,4,3,2,0,9,Q-High,"method: a UAV localization method that is assisted by deep learning features of satellite imagery is proposed. | metrics: the average localization error of this method under different trajectories is within 15 m. | baseline: Dengfeng City, Henan Province, China, covering an area of approximately 15 km²"
REC_0211,4,3,2,0,9,Q-Medium,"method: this article proposes a structurally integrated attention Kalman filter called SIA-KalmanNet for accurate and robust sta... | metrics: the proposed SCA-RMN algorithm achieves an average error of 8.576 m, which represents a 11.8% improvement over KalmanNet... | baseline: 500 × 500 × 500 m³ space"
REC_0213,4,3,2,0,9,Q-Medium,method: The framework is based on a probabilistic Decentralised Partially Observable Markov Decision Processes (Dec-POMDP) which... | metrics: The reduction in median target finding time was about 23% when one UAV is added to the system. | baseline: indoor area which contains pillars and lounges
REC_0215,4,3,2,1,10,Q-High,"method: we propose a real-time drone positioning system that uses a Vision-UWB fusion framework. | metrics: The developed UWB-Vision fusion framework provided accurate position estimation for the drone, with average errors of ar... | baseline: a workshop | repro: a workshop"
REC_0218,4,3,2,0,9,Q-High,"method: This paper presents the development, implementation, and experimental validation of a unified Error-State Extended Kalma... | metrics: the proposed ESEKF was able to maintain a globally bounded and relatively accurate navigation solution, regardless of th... | baseline: desert region near Abu Dhabi"
REC_0239,3,3,0,1,7,Q-Medium,"method: An extended Kalman filter (EKF) framework is employed to fuse the raw data from inertial measurement unit (IMU), optical... | metrics: the horizontal position errors are mostly within ±0.2 m according to the scatter figure and histogram. The altitude erro... | baseline: NO_BASELINE | repro: indoor environment"
REC_0242,2,1,0,0,3,Q-Low,method: In this survey paper we attempted to understand the existing research towards vision based navigation and finally propos... | baseline: NO_BASELINE
REC_0244,4,3,2,0,9,Q-High,method: We tackle this problem by proposing a novel solution enhancing the classical tag-and-anchor trilateration. The proposed ... | metrics: mean formation error of 38.5 cm and a convergence time of 25 s | baseline: field experiments
REC_0246,4,3,0,0,7,Q-Medium,method: This paper talks about the performance of SLAM using visual imagery as its single input as well as the performance of YO... | metrics: both detections are fairly accurate with over 90% confidence reported by the algorithm | baseline: NO_BASELINE
REC_0255,4,3,2,0,9,Q-High,"method: In the proposed framework, our first contribution is a sensor integration system that combines a stereo camera with a ro... | metrics: Since we use the rotating laser scanner, the reconstructed range is up to 30 meters. | baseline: clustered indoor environments and open outdoor environments"
REC_0264,4,3,0,0,7,Q-Medium,"method: The main contributions of this paper are: A framework modelling the UAV navigation, exploration and target detection in ... | metrics: The framework performed perfectly without the presence of smoke. ... the success rate drastically decreased as the UAV w... | baseline: NO_BASELINE"
REC_0271,4,3,2,1,10,Q-High,"method: In this paper, we propose a hybrid visual-inertial odometry solution that minimizes the computation load by dividing the... | metrics: Although the calibrated IMU-aided monocular vision solution is slightly less accurate than the SOFT stereo vision soluti... | baseline: 30m x 30m 5th floor of Mackenzie Building at Carleton University | repro: 30m x 30m 5th floor of Mackenzie Building at Carleton University"
REC_0274,2,1,0,1,4,Q-Low,method:  | baseline: NO_BASELINE | repro: 
REC_0278,4,3,2,0,9,Q-High,"method: The proposed approach leverages the TransGAN model, a framework typically employed for data analysis comprising a Genera... | metrics: TransGAN consistently yields significantly lower Mean Absolute Error (MAE) and Standard Deviation (SD) for spatial coord... | baseline: central Hanoi"
REC_0281,4,3,2,0,9,Q-High,"method: We trained a custom YOLOv5 model for detecting UAVs based on the panoramic images collected in an indoor experiment aren... | metrics: The proposed method, on the other hand, achieves the smallest average error and minimal error fluctuation. | baseline: indoor area of 10.0 x 10.0 m²"
REC_0289,2,1,0,0,3,Q-Low,method: The framework directly utilizes sequential 3D LiDAR scans to estimate the UAV pose and incrementally build a dense map o... | baseline: NO_BASELINE
REC_0294,4,3,2,0,9,Q-High,"method: a navigational system is presented for a multi-rotor UAV in a GNSS-denied environment. | metrics: The RMS error was 15.45m, max error was 50.25m for a total distance of 2093.56m. | baseline: outdoor"
REC_0296,3,1,1,1,6,Q-Medium,"method: an optical flow sensor/INS/magnetometer integrated navigation system is proposed for micro aerial vehicles (MAV) | baseline: Chang Jung Christian University, Taiwan | repro: Chang Jung Christian University, Taiwan"
REC_0305,4,3,2,0,9,Q-Medium,"method: an error compensation method based on Convolutional Neural Network (CNN) combined with Bidirectional Long Short-Term Mem... | metrics: CNN-BiLSTM reduces RMSE by 42.89%, 6.48%, 19.54%, 20.07% the average is 22.25% and MAE by 50.85%, 4.63%, 31.88%, 19.65% ... | baseline: CNN-LSTM, LSTM"
REC_0318,3,1,1,0,5,Q-Medium,method: a novel cooperative navigation method based on adaptive Cubature Kalman Filter (CKF) is proposed | baseline: formation composed of 5 independent UAVs
REC_0332,3,1,1,1,6,Q-Medium,method: a thermal-inertial sensor fusion approach is proposed that relies on the data extracted from a FLIR Tau 2 Long-Wave IR (... | baseline: smoke-filled machine-shop environment | repro: smoke-filled machine-shop environment
REC_0343,4,3,2,0,9,Q-High,"method: This paper presents a sophisticated vision-aided flocking system for unmanned aerial vehicles (UAVs), which is able to o... | metrics: the proposed tracker achieves the best performance and significantly outperforms the other algorithms in terms of center... | baseline: Indoor1 (thermal), Indoor2 (visible), Outdoor (forest)"
REC_0345,3,1,1,0,5,Q-Medium,method: Localization is performed with respect to a pre-built map of the environment represented using the distance function of ... | baseline: MBZIRC arena
REC_0346,4,3,2,1,10,Q-High,"method: Our framework includes a method for precise LiDAR-based odometry in unknown environments, fast navigation planning consi... | metrics: The full mission from takeoff until we left the building again took 105s. | baseline: outdoor and indoor flights and a simulated CBRNE-scenario | repro: outdoor and indoor flights and a simulated CBRNE-scenario"
REC_0347,4,3,2,1,10,Q-High,"method: First, the H∞ criterion is introduced into the popular cubature multistate constraint Kalman filter (CMSCKF), which impr... | metrics: the RMSE of the position of pure INS, CMSCKF, HCMSCKF, and AHCMSCKF is 1053.04, 11.6148, 6.9518, and 4.7401 m, respectiv... | baseline: KITTI dataset | repro: KITTI dataset"
REC_0362,4,3,2,0,9,Q-Medium,"method: This paper considers the problem of target handoff between Unmanned Aerial Vehicles (UAVs) in a GPS denied environment, ... | metrics: the median is 12m 3D RSS for position error and 0.5 3D RSS for attitude error. | baseline: three flight paths"
REC_0363,4,3,2,0,9,Q-High,method: an innovative approach to enhance the navigation of UAVs in GNSS denied environments... does not require any sensors on ... | metrics: 2D RMSE ranges from 1.28 m to 7.5 m | baseline: verified through quadcopter simulation environment
REC_0369,4,3,2,0,9,Q-High,"method: To increase the robustness with respect to external disturbance and modeling uncertainties, a nonlinear robust feedback ... | metrics: The RMS value of the position error is 0.0519m in x-direction, 0.0428m in y-direction, and 0.039m in z-direction. | baseline: indoor environment"
REC_0388,2,1,0,0,3,Q-Low,"method: This article presents a structured framework for CN that integrates multisource information acquisition, cooperative loc... | baseline: NO_BASELINE"
REC_0391,4,3,2,0,9,Q-Medium,method: a fusion localization method based on multi-UAV collaborative ranging and user-side inertial measurement unit (IMU) modu... | metrics: the positioning error was reduced by 21.4% compared with the commonly used extended Kalman filter (EKF). | baseline: 1000 × 1000 × 200 m³
REC_0409,4,3,2,0,9,Q-High,"method: This paper presents a UAV system for autonomous mapping in dust-laden, GNSS-Denied tunnels. LiDAR-Inertial odometry was ... | metrics: The system completes exploration and mapping in 480 seconds, achieving 0.19m mean mapping accuracy and 0.60m RMS error a... | baseline: real mining tunnel"
REC_0426,4,3,0,1,8,Q-High,"method: the authors describe the competition, its rules and objectives, as well as the proposed solution in terms of hardware, s... | metrics: The overall mission lasted 20 minutes and the drone travelled about 100m. | baseline: NO_BASELINE | repro: indoor urban-like environment"
REC_0438,3,3,0,0,6,Q-Medium,method: This paper presents the development of an object path following algorithm for a quadcopter using on-board vision and loc... | metrics: The standard deviation of horizontal position from the true value over all tests was 6.5cm. | baseline: NO_BASELINE
REC_0444,2,1,0,0,3,Q-Low,"method: we propose a fully decentralized, bio-inspired control law that uses only onboard sensor data for safe flocking through ... | baseline: NO_BASELINE"
REC_0455,4,3,2,0,9,Q-Medium,"method: We propose a method of locating a crashed UAV when the crashed UAV transmits signals in a battlefield environment, a gro... | metrics: The RMSEs of the RQ-1s whose TDOAs were weighted and non-weighted were 3.7577 and 5.6859m respectively | baseline: 10 × 10 km square"
REC_0459,3,3,0,0,6,Q-Medium,"method: We propose a safe, tightly-constrained boids-inspired approach for UAV swarms flying in a GNSS-denied environment with h... | metrics: The UAVs flew at an average velocity of 0.21 m/s | baseline: NO_BASELINE"
REC_0461,3,3,0,1,7,Q-Medium,"method: In this work, we propose a complete navigation system with a multimodal sensor setup for omnidirectional environment per... | metrics: we can safely operate in the vicinity of obstacles. Analysis of the MAV motion model gives us a maximum stopping distanc... | baseline: NO_BASELINE | repro: indoor environment"
REC_0464,4,3,0,0,7,Q-Medium,method: This paper introduces an odometry-like front-end estimator for GPS-denied fixed-wing flight using a monocular camera. | metrics: the filter maintains a total accumulated error of less than 3% of the distance traveled. | baseline: NO_BASELINE
REC_0469,4,3,0,0,7,Q-Medium,"method: This paper presents the design, build and implementation of an UAV with a robotic arm for use in GPS-denied environments... | metrics: the UAV was able to hold its z-position very well with errors of less than 0.015m. | baseline: NO_BASELINE"
REC_0475,4,3,0,0,7,Q-Medium,"method: In this work we design, implement, and evaluate a drone assisted coordinated localization system to help navigate remote... | metrics: our methods result in a median localization accuracy within 1-4m. | baseline: NO_BASELINE"
REC_0481,4,3,2,1,10,Q-High,"method: this work presents a lightweight, onboard, real-time UAV system for joint state identification and trajectory prediction... | metrics: Across all prediction steps, EMT-TPI achieves higher location estimation performance, ranging from 5.96m at t+1 and 5.71... | baseline: various outdoor environments | repro: various outdoor environments"
REC_0485,4,3,2,1,10,Q-High,method: This paper presents a robust multi-sensor multi-hypothesis 6-DoF localization filter for complex environments. | metrics: our method provided low-variability errors along the full flight. | baseline: three different scenarios: School of Engineering of Sevilla (ETSI); a testing scenario near Seville ... | repro: three different scenarios: School of Engineering of Sevilla (ETSI); a testing scenario near Seville ...
REC_0489,4,3,2,0,9,Q-High,"method: The UAV vision positioning acts a role like GNSS and provides constant position correction for INS/odometer integration.... | metrics: the peak value of the proposed vision positioning error is 2.23 meters in our tests, and the standard deviation of the p... | baseline: Aerial imagery from a UAV (Model: DJI Martice 600Pro)"
REC_0502,4,3,2,0,9,Q-High,"method: We propose LD3DGS- SLAM, a novel framework that integrates monocular SLAM, GNSS, and 3- D Gaussian splatting (3DGS) to e... | metrics: LD3DGS- SLAM achieves a state- of- the- art average localization error of only 0.8 m using just a monocular camera | baseline: outdoor high- altitude, long- distance flight scenarios (100- 500 m)"
REC_0503,4,3,2,0,9,Q-High,method: This method uses ultrawideband (UWB) with high- ranging accuracy and a high transmission rate as the positioning sensor. | metrics: the 95th represents altitude errors that are 0.68 and 0.43m respectively | baseline: the fifth floor of the Ming- Da Hall of National Taiwan University
REC_0534,3,3,0,0,6,Q-Medium,method: In this paper we propose a method combining Ultra- wideband (UWB) ranging sensor with vision- based techniques to achiev... | metrics: the average error in the position estimate is around 20 cm | baseline: NO_BASELINE
REC_0537,4,3,0,0,7,Q-Medium,method: This work investigates the impact of IMU bias and drift errors on UAS navigation and attitude estimation and introduces ... | metrics: achieved a position error reduction of 68.2% along the y- axis and 89.3% along the x- axis with respect to the raw measu... | baseline: NO_BASELINE
REC_0544,4,3,2,1,10,Q-High,"method: We propose a localization solution relying on matching of UAV camera images to georeferenced orthophotos with a trained ... | metrics: The mean errors after 2 km of travel for UAV datasets 1, 2 and 3 were 26.5 m, 29.1 m and 30.6 m respectively. | baseline: urban and non- urban locations | repro: urban and non- urban locations"
REC_0572,2,1,0,0,3,Q-Low,method: The proposed navigation method combines information gathered by Intelligence Preparation for Battlefield (IPB) and Intel... | baseline: NO_BASELINE
REC_0594,4,3,2,1,10,Q-High,method: We propose a framework for Google Map aided UAV navigation in GPS- denied environment. Geo- referenced navigation provid... | metrics: the root mean square error (RMSE) of HOP is 6.773 m. The errors are quite small compared with a 169.188 m RMSE for the v... | baseline: Oostdorp village | repro: Oostdorp village
REC_0598,4,3,0,0,7,Q-Medium,method: We present a passive millimeter wave imager for aerial vehicle navigation in degraded visual and GPS- denied environment... | metrics: our pmmW imaging sensor has been proven in flight operation at 30 Hz frame rate with 2.5 K noise equivalent temperature ... | baseline: NO_BASELINE
REC_0617,4,3,2,0,9,Q-High,"method: To perform this approach, two kinds of modules are employed. For the former, a Simultaneous Localization and Mapping (SL... | metrics: results illustrate that the quadrotor has moderate drifting (until auto- landing time) in horizontal sides; 40 cm for x ... | baseline: indoor"
REC_0620,4,3,2,0,9,Q-Medium,"method: In this article, we proposed a terrain aided simultaneous localisation and mapping (SLAM) algorithm, which simultaneousl... | metrics: over the flight distance of 33.8 km, the proposed method achieved an average localization error of 0.45 m, compared to 1... | baseline: nine simulated Mars scenes"
REC_0622,4,3,0,0,7,Q-Medium,"method: We show that using a beamforming technique to virtually steer the radar field of view (FOV), we can simultaneously estim... | metrics: The values obtained are close to the expected 30 m, with an average distance of 29.61 m and a standard deviation of 1.01... | baseline: NO_BASELINE"
REC_0631,2,1,0,0,3,Q-Low,"method: in- depth research in the advanced autonomous systems on UAVs is presented, involving automate flight process in GPS- de... | baseline: NO_BASELINE"
REC_0639,4,3,2,0,9,Q-High,"method: The prototype vision- based system identifies a landing zone, and calculates relative position and orientation position ... | metrics: the maximum distance in which the YOLO algorithm can successfully detect 1:64, 1:32, and 1:16 scale cars up to 4.6, 13.7... | baseline: scaled landing site environment"
REC_0644,4,3,2,0,9,Q-High,"method: This paper presents a robust real- time visual- inertial navigation framework that integrates neural network- based opti... | metrics: In most cases, the Frechet similarity with DDM exceeds 90%, while the Euclidean similarity remains above 95% | baseline: riverine environments"
REC_0647,4,3,0,1,8,Q-High,method: This paper details the system and methods developed to enable autonomous nuclear radiation source localization and mappi... | metrics: the error ed in distance between the source estimate and the true source location was ed = 1.52m. After the final measur... | baseline: NO_BASELINE | repro: indoor environment
REC_0652,4,3,2,0,9,Q-High,"method: this paper introduces a cost- effective, fully autonomous UAV navigation framework that leverages Deep Reinforcement Lea... | metrics: PPO emerged as the superior method, achieving a success rate of 61.2% ± 4.3%. | baseline: indoor"
REC_0656,4,3,2,1,10,Q-High,method: In this paper we present an UAV visual localization and heading estimation in GNSS- denied environments by matching the ... | metrics: our method achieves a mean error of 0.2 degrees | baseline: urban and campus scenes | repro: urban and campus scenes
REC_0687,4,3,2,0,9,Q-High,"method: In this study, we propose a methodology for generalizing an aerodynamic model experimentally determined for a specific p... | metrics: numeric metric table present | baseline: open wind tunnel facility"
REC_0688,4,3,2,0,9,Q-High,method: The placement of LMs and the route followed by the vehicle is posed as an integer program such that the total travel and... | metrics: The length of the path is 327m (which is only 3m longer than the shortest TSP path possible) and 28 LMs are placed. | baseline: 4×8 m²
REC_0701,4,3,2,0,9,Q-Medium,"method: this paper introduces a deep reinforcement learning (DRL)-based autonomous drone navigation framework based on vision, w... | metrics: PPO and SAC have enhanced control trajectories and success rates especially on cluttered scenes. | baseline: complex, dynamic, and GPS-denied settings"
REC_0705,4,3,2,0,9,Q-High,"method: The proposed algorithm is based on sensor fusion of the inertial measurement unit (IMU) and ultra-wideband-based wireles... | metrics: REFMP achieved improvements in APE of at least 82.38%, 40.07%, and 91.99% over ESEKF, IESKF, and TC-AEKF, respectively. | baseline: indoor spaces"
REC_0706,3,1,1,0,5,Q-Medium,method: we present a novel multi-LiDAR dataset specifically designed for UAV tracking. | baseline: indoor and outdoor environments
REC_0713,4,3,2,0,9,Q-High,method: The proposed method processes dual 2D laser scans and fuses them with depth data through a temporal filter. | metrics: the tracker achieves less than 3 cm geometric accuracy and angular precision of about 1.5° even during the final landing... | baseline: indoor testbed
REC_0716,4,3,2,0,9,Q-Medium,method: We propose an effective routing solution for multiple UAVs flying at a fixed altitude through a constrained environment ... | metrics: Fig. 4: PSO convergence for 9600m² area | baseline: non-uniform polygonal surveillance region
REC_0719,4,3,2,0,9,Q-High,method: we propose an autonomous landing method for SUAR to tackle the problem of poor navigation in GPS-denied environment by u... | metrics: The average Euclidean distances from the landing target are 63cm and 101cm respectively. | baseline: indoor
REC_0752,4,3,2,0,9,Q-Medium,method: localisation in a global coordinate frame of the GPS-denied UAV is achievable. | metrics: the gradient descent MLE only yields minor performance gains when compared to the GTRS algorithm | baseline: two-dimensional space
REC_0814,4,3,2,0,9,Q-High,"method: In this article, we present a collision avoidance algorithm for autonomous UAV navigation through a corridor. | metrics: our proposed method... is found to be very robust in terms of No Collision Rate, Full Flight Rate, and Obstacle Avoidanc... | baseline: five different corridor environments"
REC_0816,4,3,0,1,8,Q-High,"method: this paper presents a novel vision-based pose estimation framework leveraging Feature 3D Gaussian Splatting (3DGS). | metrics: the method demonstrates high-precision, centimeter-level translational accuracy along the lateral (y) and vertical (z) a... | baseline: NO_BASELINE | repro: indoor"
REC_0824,4,3,2,1,10,Q-High,"method: By defining a virtual homography matrix, a passive-like error equation can be obtained. A backstepping-based control app... | metrics: the method proposed in this paper is less than 1cm in position standard deviation, which has obvious advantages, especia... | baseline: indoor | repro: indoor"
REC_0840,4,3,2,0,9,Q-High,"method: This paper proposes a geometry-aware matching framework that decouples the process into specialized extraction, descript... | metrics: our system achieves a Success Rate of 83% in the GPS-denied simulator | baseline: Augsburg, Germany"
REC_0857,4,3,2,0,9,Q-Medium,"method: SwarmRaft leverages the Raft consensus algorithm to enable distributed drones (nodes) to agree on state updates such as ... | metrics: the recovery accuracy improves dramatically, with a mean error dropping from approximately 19 to 0.28 m. | baseline: urban and natural terrains"
REC_0859,4,3,2,0,9,Q-High,"method: we propose a multimode visual-inertial navigation method that combines the inertial measurement unit (IMU), the forward-... | metrics: the pose error of the proposed algorithm is smaller than those of the other two methods | baseline: general aviation airport (China, Pucheng)"
REC_0870,2,1,0,0,3,Q-Low,"method: This paper presents a structured survey and comprehensive synthesis of influential research on autonomous drones, focusi... | baseline: NO_BASELINE"
REC_0896,4,3,2,1,10,Q-High,"method: We present our systematic solution with integrated hardware and software design, robust state estimation and mission man... | metrics: The average translation error (ATE) of Hector SLAM is 0.071m whereas ATE of Cartographer SLAM is 0.059m. | baseline: Extensive experimental results demonstrate the robustness and effectiveness of the overall integrate... | repro: Extensive experimental results demonstrate the robustness and effectiveness of the overall integrate..."
REC_0932,3,3,0,0,6,Q-Medium,"method: By using a single, ground-based, IR beacon, we were able to estimate the UAV's relative position in three-dimensional sp... | metrics: Fig. 7 shows Err_x and Fig. 8 shows Err_y. The image error is 0 for the first 3.8 seconds | baseline: NO_BASELINE"
REC_0951,4,3,2,0,9,Q-High,"method: This article presents PSS-LIO, a building-inspection-oriented LIO framework integrating three complementary mechanisms. | metrics: PSS-LIO achieves 0.21m RMSE against RTK-GNSS ground truth, outperforming FAST-LIO2, Faster-LIO, and Point-LIO by 45%, 40... | baseline: building inspection"
REC_0960,4,3,2,0,9,Q-High,"method: We develop a collaborative Kalman filtering and optimization framework, where the drones with lower grade sensors receiv... | metrics: fusing information from high-cost drones gives better results compared to VINS-Fusion estimations | baseline: noisy environments"
REC_0961,4,3,2,0,9,Q-Medium,"method: this paper proposes a fast multimodal image registration method for visible and near-infrared images based on disentangl... | metrics: Our method achieves 1.154, 0.393, and 0.467 in RMSE, NMI, and PCK on VEDAI-1, which is a huge improvement compared with ... | baseline: aerial image dataset"
REC_0973,2,2,0,0,4,Q-Low,"method: given the vehicle's path, we formulate a landmark-placement problem and present algorithms to place the minimum number o... | metrics: the landmark placement obtained using our algorithm can aid the vehicle to estimate its position and heading with a high... | baseline: NO_BASELINE"
REC_0981,2,1,0,0,3,Q-Low,"method: For data analysis, data from airspeed sensor, barometer, compass, GPS sensor, gyroscope sensor, accelerometer sensor and... | baseline: NO_BASELINE"
REC_0986,4,3,2,0,9,Q-High,method: the PARS-based navigation system is implemented using an indirect multiplicative extended Kalman filter (MEKF) | metrics: the position norm RMSE of the presented PARS-aided INS was 6.86 m which is comparable to the position estimates from con... | baseline: northern parts of Norway
REC_0993,3,3,0,1,7,Q-Medium,"method: We describe the system design and software architecture of our proposed solution, and showcase how all the distinct comp... | metrics: the final drift after more than 60m of flight is less than 0.6m, giving us a drift of around 1%. | baseline: NO_BASELINE | repro: warehouse environments"
REC_0994,4,3,2,0,9,Q-High,method: The proposed method employs AprilTags that are linked to previously known coordinates in the 3D building information mod... | metrics: The localization error will be higher than 30 cm if the UAV is flying further than 3.5m from an AprilTag. | baseline: indoor
REC_0995,4,3,2,0,9,Q-High,"method: The system is based on tightly integrating inertial sensor data with pixel position data of image feature points over an... | metrics: image-aided navigation gives a great overall improvement in linear flights. | baseline: Elvenes airstrip in the Salangen municipality area, Norway"
REC_1001,3,3,0,0,6,Q-Medium,method: The proposed solution with the sensor suite can also be used on ground robots or other types of rotorcraft in GPS-denied... | metrics: numeric metric table present | baseline: NO_BASELINE
REC_1002,3,3,0,0,6,Q-Medium,"method: The contributions of this paper are illustrated as follows: 1) combination of 2D map and geo-registered 3D point clouds;... | metrics: the error range in the X direction is [-4,4] meters, and in the Y direction is [-6,6] meters. | baseline: NO_BASELINE"
REC_1006,2,1,0,0,3,Q-Low,"method: This survey presents a systematic analysis of recent advancements in autonomous unmanned aerial vehicles (UAVs), focusin... | baseline: NO_BASELINE"
REC_1007,4,3,2,0,9,Q-High,method: This study presents a new three-stage geo-localization framework specifically designed for UAVSAR imagery | metrics: the proposed method achieves RMSE values between 1.83 and 2.86 m (average 2.23 m) | baseline: Texas region
REC_1011,4,3,0,0,7,Q-Medium,"method: The JAGER system is made up of three sub-systems: the interference localization system, a GNSS denied navigation system,... | metrics: 16 successfully localized the signal source with an average final 2D localization error of 13 m | baseline: NO_BASELINE"
REC_1014,4,3,2,0,9,Q-Medium,"method: We present a Cooperative Swarm-Mesh Network (CSMN), a hybrid structure that can alternate between an implicit Silent Mod... | metrics: the CSMN framework can retain sub-meter localization error (RMSE < 0.9 m) in GPS-denied environments and provide 92% cov... | baseline: dense urban rubble"
REC_1017,4,3,0,1,8,Q-Medium,method: A real-time simulator for navigation in GNSS-denied environments is proposed | metrics: the average positioning error is 3.1 m (< 0.387% of the height) when the UAV flies smoothly. | baseline: NO_BASELINE | repro: Beijing University of Science and Technology
REC_1018,4,3,2,0,9,Q-High,"method: This study presents the optimized pose prediction and cross-view (OPsCV), a robust and adaptable navigation framework th... | metrics: All DIO-based solutions reduced the positional error by approximately 15-25 m | baseline: Angra dos Reis, Brazil"
REC_1019,2,1,1,1,5,Q-Medium,"method: This article presents an in-depth and systematic overview of multisensor fusion SLAM technologies for interceptor UAVs. | baseline: high-speed flight, maneuvering flight, and alternating low-and-high altitude flight | repro: high-speed flight, maneuvering flight, and alternating low-and-high altitude flight"
REC_1021,4,3,2,0,9,Q-High,"method: Our method requires only a downward-facing monocular RGB camera on the UAV, and pre-existing satellite imagery of the fl... | metrics: The average 2D euclidean error of our method is 7.06 m. The average altitude error of our method is 8.01 m. | baseline: Swiss village of Merlischachen"
REC_1023,4,3,2,0,9,Q-High,"method: A hybrid information fusion method based on attention-augmented temporal convolutional network (TCN) for drone SINS/GNSS... | metrics: the proposed TCN-Attention method achieved the best overall performance, with error reductions of 26%, 35%, and 34%, res... | baseline: Pukou District, Nanjing, Jiangsu Province, China"
REC_1025,2,1,0,0,3,Q-Low,method: This paper aims to give a comprehensive survey on the RF based localisation systems with different radio communication t... | baseline: NO_BASELINE
REC_1026,4,3,2,0,9,Q-High,"method: First, Landmark Multidimensional Scaling (LMDS) is used to reconstruct the relative geometry of the anchors and the onbo... | metrics: on the real-world rectangle trajectory, FGO-TC reduces the RMSE by approximately 38.8% compared with FGO-LC. | baseline: underground parking garage"
REC_1028,2,2,0,0,4,Q-Low,"method: an integrated navigation system based on GPS, the LIDAR sensor, and the extended Kalman filter is proposed. | metrics: the integrated navigation could suppress the large sensor noise of GPS. | baseline: NO_BASELINE"
REC_1029,4,3,2,0,9,Q-High,"method: The proposed framework leverages environmental geometry, specifically obstacle and wall distances, to estimate relative ... | metrics: the performance of the proposed localization strategy is validated using an external motion capture system which demonst... | baseline: simulated sewer pipe (123m high)"
REC_1032,4,3,2,0,9,Q-High,"method: This paper presents a robust approach for achieving accurate indoor positioning and autonomous navigation of quadcopters... | metrics: For raw RIO, the overall position RMSE is 0.169 m with a position error percentage of 0.516%, while, for Hybrid-RIO, the... | baseline: We experimentally validate Hybrid-RIO in challenging indoor settings featuring low illumination... a..."
REC_1034,4,3,2,0,9,Q-High,method: This paper proposes the integration between a camera and a UWB system for outdoor UAV navigation when GNSS is not availa... | metrics: the integration between the UWB with a camera still enhance the navigation performance when integrated with INS. | baseline: outdoor environment
REC_1043,4,3,2,0,9,Q-Medium,"method: The method uses a strapdown inertial navigation system as the reference source and introduces inter-node ultra-wideband ... | metrics: the proposed method reduces the position, velocity, and yaw RMSEs by 27.14%, 21.90%, and 9.68%, respectively, compared w... | baseline: GNSS-denied multi-glider release simulation"
REC_1044,4,3,2,0,9,Q-High,"method: The method builds upon the Fast Multi-State Constraint Kalman Filter (FMSCKF) framework, introducing key innovations suc... | metrics: only the proposed algorithm successfully navigates the full 15 km route without divergence | baseline: low-lying desert areas"
REC_1046,4,3,2,0,9,Q-High,"method: this paper introduces a scene matching method that integrates triplet relationships with a control- theoretic optimizati... | metrics: the proposed method achieves an average improvement of approximately 4.51%–9.31% in F- score, reaching up to 96.24% in s... | baseline: urban and non-urban"
REC_1048,4,3,2,0,9,Q-High,"method: we further establish the mapping relationship between vehicle nongravitational acceleration and the vehicle attitude mis... | metrics: the position error within 30 s (about 600 m flying) in the horizontal channel flight is less than 30 m, the error within... | baseline: outdoor"
REC_1049,4,3,0,0,7,Q-Medium,method: The problem is modelled as a sequential decision process under uncertainty using the Partially Observable Markov Decisio... | metrics: numeric metric table present | baseline: NO_BASELINE
REC_1055,2,1,0,0,3,Q-Low,method: this paper proposed a SLAM algorithm based on fusion of monocular vision odometer and laser radar to achieve quadrotor's... | baseline: NO_BASELINE
REC_1059,4,3,2,0,9,Q-High,"method: This paper presents a novel unconventional method, to enhance the navigation of autonomous drones in GNSS denied environ... | metrics: numeric metric table present | baseline: The proposed approach was verified with an indoor experiment (wind tunnel), and outdoor environment ..."
REC_1063,4,3,0,0,7,Q-Medium,method: This paper presents the Visual-Inertial Navigation System (VINS) developed that utilises sparse and dense Optical Flow p... | metrics: numeric metric table present | baseline: NO_BASELINE
REC_1067,4,3,2,0,9,Q-High,"method: This thesis presents a localization system for UAVs, specifically designed for small UAVs to be used in a local area, by... | metrics: numeric metric table present | baseline: To acquire data for GPS-denied navigation, two flights were documented"
REC_1069,4,3,2,0,9,Q-High,"method: This paper presents an anchor-free collaborative localization framework for UAV-UGV teams that fuses pairwise UWB ranges... | metrics: numeric metric table present | baseline: To validate the effectiveness of the proposed method, we conducted experiments on a system comprisin..."
REC_1080,4,3,2,1,10,Q-High,method: This study presents an updatable Graphics-Based Digital Twin (GBDT) that provides a globally referenced structural prior... | metrics: numeric metric table present | baseline: The trained neural pose regression models were first evaluated numerically in the simulation environ... | repro: The trained neural pose regression models were first evaluated numerically in the simulation environ...
REC_1083,3,2,1,0,6,Q-Medium,"method: GL-DualNet is proposed, integrating CNN-based local detail capture with the Swin Transformer’s ability to model global d... | metrics: Comparative results show that the proposed method significantly outperforms traditional approaches and mainstream retrie... | baseline: Systematic experiments were conducted on the public terrain dataset ASTER GDEM V3, with evaluations ..."
REC_1084,3,2,1,0,6,Q-Medium,"method: This work introduces CLAK (CNN-LSTM-Attention-KAN), a deep learning framework that estimates global UAV positions (latit... | metrics: Experimental results demonstrate that CLAK achieves superior localization accuracy and robustness across challenging tra... | baseline: "
REC_1085,3,2,1,0,6,Q-Medium,method: The proposed approach modifies the VNS so in addition to the images it can also accept as inputs the INS bounded attitud... | metrics: Results demonstrate that the inertially assisted visual navigation framework substantially curbs horizontal position dri... | baseline: 
REC_1095,3,2,1,1,7,Q-Medium,method: The system robustly obtains the 6-DoF pose of the MAV within a local map of the environment. We consider a minimum senso... | metrics: The experimental results show that sensor fusion improves position estimation and the obtained map under different test ... | baseline:  | repro: 
REC_1096,3,2,1,0,6,Q-Medium,"method: A sliding window Extended Kalman Filter (EKF) is constructed to tightly fuse all the measurements, which is capable of w... | metrics: Extensive experiments demonstrate that our algorithm achieves superior positioning accuracy, higher computing efficiency... | baseline: "
REC_1103,4,3,2,0,9,Q-High,"method: In this paper, the integrated navigation system based on GPS and LIDER sensor is proposed. | metrics: From the figures, it is shown, especially for velocity data, that the integrated navigation could suppress the large sen... | baseline: The numerical simulation was carried out to verify the proposed integrated navigation system. At fir..."
REC_1105,3,2,1,0,6,Q-Medium,"method: The 3D scene is reconstructed by laser SLAM; the PRM path planning method is improved for better computational efficienc... | metrics: our path planning method greatly improves the computational efficiency compared to the basic PRM method, while keeping r... | baseline: Our path planning and optimization method has been tested in three cases"
REC_1106,4,3,2,0,9,Q-Medium,"method: Here, we introduce an adaptive particle filter-neural network (PF-NN) fusion framework that achieves high-fidelity coope... | metrics: the proposed PF-NN framework achieves the best performance across all metrics | baseline: The simulation environment was designed to rigorously evaluate the proposed PF-NN fusion algorithm u..."
REC_1107,4,3,2,0,9,Q-High,"method: This paper proposes a Distributed Group Covariance Compensation Adaptive Kalman Filter (DGCC-AKF) for collaborative enha... | metrics: under observation fault periods, the proposed method improves 3D positioning accuracy by up to about 75% over single-UAV... | baseline: The evaluation is conducted in a semi-physical manner: the UAV flight trajectories and U-B observati..."
REC_1110,3,2,1,0,6,Q-Medium,"method: we propose cross-fusion, a hybrid localization method that integrates LiDAR and camera data across multiple sessions thr... | metrics: Experimental results demonstrate that cross-fusion achieves localization accuracy comparable to GPS-based methods and pe... | baseline: A number of experiments have been conducted to evaluate the validity of the proposed method"
REC_1114,4,3,2,0,9,Q-High,"method: Unlike conventional methods that determine optimal routes from known origins to destinations, I-NAV inversely identifies... | metrics: The results demonstrate that the proposed PF-NN framework achieves the best performance across all metrics | baseline: we validated the system using authoritative real-world mobility datasets and widely used routing eng..."
REC_1115,4,3,2,1,10,Q-High,"method: we present a large-scale Multi-Altitude Flight Segments dataset (MAFS) for variable altitude scenarios and propose a nov... | metrics: the proposed method achieves approximately 10× end-to-end computational efficiency gain over classical feature-based met... | baseline: MAFS covers 14 university campuses and a 2 km × 2 km urban region in Hangzhou, China | repro: MAFS covers 14 university campuses and a 2 km × 2 km urban region in Hangzhou, China"
REC_1116,4,3,2,0,9,Q-High,method: The proposed system employs a dual-link edge-computing architecture: a lightweight onboard controller handles flight con... | metrics: achieving 5.4~8.0 cm 2D RMSE for trajectory tracking and 12.7 cm translation RMSE for greenhouse mapping | baseline: the system was validated in both a controlled indoor environment and a simulated virtual setting
REC_1118,4,3,2,0,9,Q-High,"method: a loose coupling approach based on nonlinear optimization is utilized to fuse the local pose estimator of the VIO system... | metrics: UWB 0.289 m, VINS-Mono 0.519 m, Our fusion with z-axis marginalization 0.179 m | baseline: experiments carried out in the real-world scenes"
REC_1123,4,3,2,0,9,Q-High,method: this article presents a novel visual scene matching-based UAV localization framework. | metrics: the method achieves an 89.5% improvement in positioning accuracy over conventional approaches | baseline: we present the experimental results of the proposed method on the RealUAV [35] and SEULoc datasets
REC_1130,4,3,2,1,10,Q-Medium,method: An application of Particle Filter localization was implemented with different image similarity to likelihood conversion ... | metrics: The algorithm is shown to be able to navigate using up-to-date maps more accurately and with an average decrease of prec... | baseline: This paper presents a new dataset from simulated flights in urban and forested environments using or... | repro: This paper presents a new dataset from simulated flights in urban and forested environments using or...
REC_1132,4,3,2,0,9,Q-High,"method: The main difference with respect to previous approaches is that a barometer is used as a unique sensory aid for incorpor... | metrics: The simulation results suggest that the barometer-based approach should be a good alternative to the inertial-measuremen... | baseline: results obtained using synthetic data from simulations are presented, as well as results obtained fr..."
REC_1135,4,3,2,0,9,Q-High,"method: The text information of the store signage is first extracted from the UAV images and then matched with the name of the P... | metrics: our method can achieve stable UAV autonomous localization with a positioning error of around 13m without knowing the exa... | baseline: Real flight experiments were conducted in Shijiazhuang, China"
REC_1137,4,3,2,0,9,Q-Medium,"method: The proposed system uses a sensor combination, which consists of an image sensor and a range sensor. The main idea of th... | metrics: the total amount of tracking errors is tolerable for the indoor inspection | baseline: the proposed integrated guidance and control system is verified by the numerical simulation"
REC_1140,4,3,2,0,9,Q-High,"method: This paper proposes a fiducial marker-corrected stereo visual-inertial localisation (FMC-SVIL) method, running on a reso... | metrics: the FMC-SVIL achieved UAV localisation with a root mean square error of 0.416 m in sunny conditions and 0.340 m in cloud... | baseline: The proposed method was evaluated and validated through laboratory, simulation, and real-world exper..."
REC_1142,4,3,2,1,10,Q-Medium,method: This paper presents a Dual Quaternion-Based Unscented Kalman Filter (DQUKF) equipped with a Visual Inertial Odometry (VI... | metrics: the proposed DQUKF converges under high initialization uncertainty and achieves a position RMSE of 0.2584 m in the diffi... | baseline: Simulation results on the EuRoC MAV dataset show that the proposed DQUKF converges under high initia... | repro: Simulation results on the EuRoC MAV dataset show that the proposed DQUKF converges under high initia...
REC_1146,4,3,2,0,9,Q-High,"method: This work combines the use of radar (as radar odometry) and UWB systems (CUPT), as both systems complement each other. | metrics: our algorithm achieves superior positioning accuracy, higher computing efficiency and better robustness | baseline: Experimental flight considered in this section"
REC_1148,4,3,2,0,9,Q-High,"method: This study presents a UAV-based Structural Health Monitoring (SHM) system that combines Lighthouse localization with a t... | metrics: The system achieved a 1-2 cm margin of error in pose estimation, alongside 100% precision, 83.33% recall, and 91.89% acc... | baseline: The UAV was deployed within a 1.5 m × 1.2 m × 1.2 m test volume"
REC_1150,4,3,2,1,10,Q-High,"method: We introduce NaviLoc, a training-free three-stage trajectory-level estimator that treats VPR as a noisy measurement sour... | metrics: NaviLoc achieves 19.5 m MLE—a 16.0× improvement over the state-of-the-art AnyLoc-VLAD, and a 32.1× improvement over raw ... | baseline: real-world UAV-to-satellite dataset | repro: real-world UAV-to-satellite dataset"
REC_1159,4,3,2,0,9,Q-High,method: The research presented here develops a GPS-denied navigation scheme for light aircraft employing images formed from a sy... | metrics: The results show that navigation in the absence of GPS using synthetic aperture radar is feasible with converging and bo... | baseline: The system described above was implemented on both simulated and real data.
REC_1160,2,1,1,0,4,Q-Low,method: We propose a novel approach to relative localization in multi-robot systems where the roles of the UWB nodes are dynamic... | baseline: All nodes are deployed in an empty room of approximately 40m² with a MOCAP system that provides the ...
REC_1163,4,3,2,1,10,Q-Medium,"method: This study bridges that gap by comparing two fundamentally different methods: a Terrain Contour Matching algorithm-Exten... | metrics: The measured execution times were 0.04s for TERCOM-EKF, 0.498s for XGBoost, and 1.92s for ViSensorRF | baseline: evaluated in a GNSS-denied simulation environment using PX4, Robot Operating System (ROS) 2, Gazebo,... | repro: evaluated in a GNSS-denied simulation environment using PX4, Robot Operating System (ROS) 2, Gazebo,..."
REC_1165,2,1,0,0,3,Q-Low,method: This article surveys localization methods for UAV systems in such environments. We classify these methods into two group... | baseline: NO_BASELINE
REC_1167,4,3,2,0,9,Q-Medium,method: an APF-based autonomous joint route planning approach is developed. The potential field is constructed directly from the... | metrics: The simulation results show a 76.1% improvement in the average comprehensive GDOP for users compared to the baseline of ... | baseline: Simulations demonstrate the framework's effectiveness in achieving real-time geometry optimization a...
REC_1171,4,3,2,1,10,Q-High,method: this paper proposes and open-sources a multi-modal UAV navigation dataset. | metrics: the navigation algorithm participating in the dataset evaluation in this subsection achieves an accuracy of 0.1166 m in ... | baseline: collected in a real steel plant enclosed stockyard | repro: collected in a real steel plant enclosed stockyard
REC_1172,4,3,2,0,9,Q-High,"method: we propose a novel modification and extension of LIOM to make it suitable for the application to datasets with strong no... | metrics: the position drift in z-direction at the end of the measurement duration of 2.5 min is approximately 20 cm, despite the ... | baseline: measurements in a hangar environment using an external indoor positioning system (iGPS) as reference"
REC_1175,4,3,2,0,9,Q-High,"method: This paper presents DeepVIONet, a novel deep learning framework for autonomous UAV navigation in GPS-denied environments... | metrics: translation MAE of 0.089m and rotation MAE of 0.043 radians | baseline: We evaluate DeepVIO using the TUM Visual-Inertial (TUM-VI) dataset"
REC_1178,4,3,2,0,9,Q-High,method: a novel collaborative UAV-UGV mapping framework is proposed in GNSS-denied and unknown environments. The key novelty of ... | metrics: The proposed algorithm combines the sparse UGV map and dense UAV map and generates an enhanced and more consistent globa... | baseline: Real world experiments in GNSS-denied and unstructured scenarios are investigated
REC_1185,4,3,2,0,9,Q-Medium,"method: This paper proposes a UAV swarm collaborative localization strategy, termed I-ACPM, based on Imperialist Competitive Mec... | metrics: I-ACPM significantly enhances localization accuracy, particularly in low-noise environments, with performance approachin... | baseline: This section assesses the communication and localization performance of the proposed strategy throug..."
REC_1186,4,3,0,0,7,Q-Medium,method: we propose a UAV path planner travelling from a given source to goal location in GPS-denied areas. The environment consi... | metrics: the path obtained by the PSO is minimal while ensuring that it touches the landmarks | baseline: NO_BASELINE
REC_1187,2,1,0,1,4,Q-Low,method: To design a wireless MAV network (WIMAN) with GEMs and GPMs that are capable of executing a mission in indoor and GPS de... | baseline: NO_BASELINE | repro: is demonstrated through simulation results
REC_1189,4,3,2,1,10,Q-High,"method: We provide two different hardware and software solutions for fully autonomous UAVs, addressing, in particular, indoor GN... | metrics: All the algorithms show good results in the proposed experiment, with the best performance obtained by the ZED-VO algori... | baseline: simulation and experimental results obtained | repro: simulation and experimental results obtained"
REC_1190,4,3,2,1,10,Q-Medium,method: proposed inertial navigation system (INS) | metrics: a mean error of 7.18% and standard deviation of 5.73% are not sufficient to ensure safe GNSS-Denied navigation under any... | baseline: Stochastic high fidelity Monte Carlo simulations | repro: Stochastic high fidelity Monte Carlo simulations
REC_1191,4,3,2,0,9,Q-High,method: A learning-based approach is proposed that takes in the rotor RPMs and past state as input and predicts the one-step-ahe... | metrics: the proposed algorithm has the least RMSE for position estimates | baseline: The experimental flight data collected from an RTK-GPS facility using a micro-UAV is used to train t...
REC_1192,4,3,2,0,9,Q-High,"method: using the tether's sensory feedback, which is fed into a catenary-based mechanics model, to localize the UAV | metrics: Our approach could reduce the error of the state-of-the-art tether-based indoor aerial vehicle localization by 31.12%. | baseline: experiments on a physical tethered UAV, Fotokite Pro"
REC_1194,4,3,2,0,9,Q-High,method: an effective multi- innovation forgetting gradient (MIFG) algorithm is proposed to estimate the position of the UAV rela... | metrics: MIFG 0.4088 0.6554 0.3276 0.3104 | baseline: a numerical example and a real experiment are used
REC_1196,4,3,2,0,9,Q-High,method: SVGS is integrated with a Visual Inertial Odometry (VIO) sensor | metrics: SVGS was able to capture target position from a farther distance during the approach compared with AR (1.34m vs. 0.56m) | baseline: landing experiments
REC_1207,3,3,0,0,6,Q-Medium,method: a monocular vision aided inertial navigation system | metrics: An absolute position error of 7m is incurred over the course of the maneuver. | baseline: NO_BASELINE
REC_1208,4,3,2,0,9,Q-Medium,method: an energy-aware adaptive communication-topology framework integrated with lightweight edge artificial intelligence (AI)-... | metrics: 22.7% reduction in total energy consumption | baseline: simulation scenarios
REC_1212,4,3,0,0,7,Q-Medium,"method: detects, tracks, and follows another drone within its sensor range using a pre-trained machine learning model | metrics: 77% accuracy | baseline: NO_BASELINE"
REC_1216,4,3,2,0,9,Q-Medium,"method: We propose the Two-Stage Residual Extended Kalman Filter (TSR-EKF), a hybrid framework that incorporates Machine Learnin... | metrics: achieving RMSE reductions of 57.4% to 98.9% compared to traditional EKF methods while maintaining sub-6m positioning acc... | baseline: We conducted experimental validation using seven UAV flight trajectories over the Taif region, Saudi..."
REC_1217,2,1,1,1,5,Q-Medium,method: We propose to use linear Kalman filter to overcome a loss of the GNSS signal that is substituted by the incremental visi... | baseline: practical field experimental deployment | repro: practical field experimental deployment
REC_1223,4,3,2,0,9,Q-High,"method: The system evolves from the previous Smartphone Video Guidance Sensor (SVGS) architecture through a modular C++ implemen... | metrics: UVGS-2 0.088 ... 0.496 | baseline: Experimental validation was conducted in NASA's Astrobee free-flying robot, both at the Internationa..."
REC_1232,4,3,2,0,9,Q-High,"method: an efficient range-visual-inertial odometry (RVO) is proposed to provide local tracking, which utilizes measurements fro... | metrics: Proposed Method 16.149 | baseline: evaluated on both synthesized dataset and real-world datasets"
REC_1235,3,3,0,0,6,Q-Medium,method: we propose an autonomous UAV positioning system based on image matching/inertial navigation fusion. | metrics: achieving a positioning accuracy of 16.4 meters and a real-time processing rate exceeding 8.3 Hz. | baseline: NO_BASELINE
REC_1243,4,3,2,0,9,Q-Medium,method: this paper proposes an adaptive formation control method that enables support-UAVs to escape from multipath-affected spa... | metrics: the average time spent by the support-UAV in multipath-affected spaces was reduced by 83.7% and 79.9% respectively. Furt... | baseline: Simulation results demonstrate the effectiveness of the proposed method.
REC_1245,4,3,2,0,9,Q-High,"method: The developed solution integrates dead reckoning navigation methods with advanced computer vision algorithms utilizing o... | metrics: Mean error (MAE) [m] 17,82 | baseline: simulated environment, where sensor data... were previously recorded during real-world UAV flights"
REC_1248,4,3,2,0,9,Q-High,method: a mapless framework that fuses geomagnetic vector gradient perception with inertial data | metrics: achieving CEP of 0.41 km | baseline: simulations and experiments using real data
REC_1250,4,3,2,0,9,Q-Medium,"method: The proposed navigation filter relies on the accurate incremental displacement outputs generated by a VO system, denoted... | metrics: Proposed 70.19% reduction | baseline: Monte Carlo simulations"
REC_1251,4,3,2,0,9,Q-High,"method: A Deep Deterministic Policy Gradient (DDPG)-based control algorithm is proposed | metrics: Proposed method 0.2593 0.2708 | baseline: hardware-in-the-loop simulation platform, and real-world flight experiments"
REC_1252,4,3,2,0,9,Q-Medium,"method: we investigate a reinforcement learning (RL)-based decision-support system for the autonomous control of a quadrotor UAV... | metrics: PPO 71% success rate, REINFORCE 10% | baseline: 3D Unity/ML-Agents environment"
REC_1253,3,3,0,0,6,Q-Medium,"method: integrating RTAB-Map SLAM, DWA-based local planning, and a direction-oriented frontier exploration strategy. | metrics: traversal RMSE values of 0.195 m, 0.197 m, and 0.420 m and return RMSE values of 0.295 m, 0.474 m, and 1.084 m | baseline: NO_BASELINE"
REC_1267,4,3,2,0,9,Q-High,"method: a cooperative UAV and UGV system, in which a UGV is available to produce a 3D map of the unknown environment and provide... | metrics: median 3D positioning error is below 1 meter and the RMS error is between 2 and 3 meters | baseline: field-testing results"
REC_1270,4,3,2,1,10,Q-High,"method: we are focusing on the use of visual odometry (VO) for UAV position estimation | metrics: average deviation in the x-axis was 0.294 m, in the y-axis was -0.431 m, and in the z-axis was 0.357 m | baseline: Gazebo simulation alongside PX4-SITL | repro: Gazebo simulation alongside PX4-SITL"
REC_1274,3,3,0,0,6,Q-Medium,method: an integrated cyber-physical architecture that coordinates an autonomous Unmanned Aerial Vehicle (UAV) and an Autonomous... | metrics: mapped the excavation front in less than 8 min... operations to commence 50% to 80% earlier... reduced daily operational... | baseline: NO_BASELINE
REC_1277,4,3,2,1,10,Q-High,"method: To address this challenge, this paper proposes PG-TLNet, a physics-guided aeromagnetic interference compensation framewo... | metrics: PG-TLNet achieves an the standard deviation (STD) of 26.64 nT, representing 85.2% reduction relative to the T-L model (1... | baseline: To characterize the variables in this study, a large airborne platform was used as the experimental ... | repro: To characterize the variables in this study, a large airborne platform was used as the experimental ..."
REC_1282,4,3,2,0,9,Q-High,"method: To solve this problem, we propose a lidar-inertial navigation system based on grid and shell features in the environment... | metrics: It can be seen that the accuracy of the landing point position calculated by the proposed navigation system is significa... | baseline: We chose to test the navigation system in a dry coal shed of the Fengcheng Thermal Power Plant Phase..."
REC_1283,4,3,2,0,9,Q-Medium,method: This work presents a cooperative monocular-based SLAM approach for multi-UAV systems that can operate in GPS-denied envi... | metrics: Table 2 summarizes the Mean Squared Error (MSE) for the position in the three axes of Quad 1. | baseline: The computer simulations were performed in order to validate the performance of the proposed method....
REC_1285,2,2,0,1,5,Q-Medium,"method: fake GPS | metrics: The drone successfully navigated to the two waypoints that were assigned, as shown by Fig. 10. | baseline: NO_BASELINE | repro: Before testing was done using the drone, simulations were created using jMAVsim, a simulator specifi..."
REC_1286,4,3,2,1,10,Q-High,"method: we present a hybrid camera array-based autonomous landing UAV that can land on a moving UGV in a GPS-denied environment. | metrics: the localization errors in the X, Y, and Z directions are in ranges of -0.5 to 0.5 m, -0.5 to 0.5 m, and 0.2 to 1.2 m, a... | baseline: we conducted a large number of experiments, including simulation experiments and real experiments | repro: we conducted a large number of experiments, including simulation experiments and real experiments"
REC_1289,4,3,2,0,9,Q-High,"method: this paper proposes a global ArUco-based Lidar navigation system suitable for UAVs in a GNSS-denial environment. | metrics: The red scatters 'error' and 'error-XY' are the distance error between the ArUco_LIO and the true value of the three-dim... | baseline: This paper records the original point cloud scanned by Lidar, the image taken by the camera, and the..."
REC_1295,4,3,2,0,9,Q-High,"method: This paper presents a digital twin approach, termed herein as GBDTpose2 for drift-free UAV localization. | metrics: For all the tests reported in Figs. 10(a–h), the position estimates of the UAV show subcentimeter-level accuracy and do ... | baseline: GBDTpose2 is first validated numerically using Gazebo and ROS and subsequently experimentally in the..."
REC_1298,4,3,0,0,7,Q-Medium,method: This paper presents the architecture for localization of a UAV/UGV team and realizes the implementation using two differ... | metrics: Measurements from the flight controller IMU were noisy and led to considerable INS errors when left unaided. | baseline: NO_BASELINE
REC_1302,4,3,2,0,9,Q-High,"method: The proposed framework formulates joint navigation and dynamic target tracking as a partially observable Markov decision... | metrics: The proposed framework achieved a mean detection accuracy of approximately 92% (Figure 3). | baseline: Multi-UAV simulation experiments were used to assess swarm-level coordination, federated aggregation..."
REC_1304,4,3,2,0,9,Q-Medium,method: we propose a formation-constrained cooperative localization method to improve accuracy by integrating known formation ge... | metrics: The simulation results demonstrate that the proposed FCL method consistently outperforms both the LRL and the hybrid TDO... | baseline: The simulation environment consists of a 10 x 10 m^2 area with N = 10 agents.
REC_1306,3,2,0,0,5,Q-Medium,method: This study proposes a vision-based localization framework utilizing satellite true orthophotos and Digital Surface Model... | metrics: Experimental evaluations demonstrate that the framework achieves meter-level absolute positioning accuracy and stable po... | baseline: NO_BASELINE
REC_1307,4,3,2,1,10,Q-High,method: This article presents a software architecture for safe and reliable autonomous navigation of aerial robots in GPS-denied... | metrics: Table 3 summarizes general RMS errors compared to those from our approach. | baseline: Extensive field testing has taken place at the indoor testbed of the Center for Advanced Aerospace T... | repro: Extensive field testing has taken place at the indoor testbed of the Center for Advanced Aerospace T...
REC_1308,3,3,0,0,6,Q-Medium,"method: In this paper, a system has been developed that enables an AUAV flying along a predetermined route to reliably detect bo... | metrics: Table 1 provides a comparison of the RMS error values for the position states obtained from VO/INS integration, VO/INS w... | baseline: NO_BASELINE"
REC_1309,2,2,1,1,6,Q-Medium,method: This paper presents a unified vision-based framework in which UAVs use biologically inspired swarm behaviors together wi... | metrics: improves spatial alignment by more than a factor of four over baseline monocular SLAM | baseline: Experiments were conducted in a controlled indoor environment using a drone-led team of autonomous v... | repro: Experiments were conducted in a controlled indoor environment using a drone-led team of autonomous v...
REC_1313,4,3,2,0,9,Q-High,"method: In this study, a novel smart hybrid vision-aided inertial navigation system is proposed based on the main idea of optica... | metrics: Table 1 provides a comparison of the RMS error values for the position states obtained from VO/INS Integration, (VO/INS ... | baseline: The proposed approach has been evaluated using a public dataset, which is collected by a fixed-wing ..."
REC_1316,4,3,2,0,9,Q-High,"method: This work presents an approach to measuring the performance of SLAM in indoor and outdoor GNSS-denied areas using a terr... | metrics: MA-LIO performs best, followed by SC-LIO-SAM and KISS-ICP. | baseline: The test scenario for this work is a federal road bridge in Loerrrach, Germany."
REC_1320,4,3,2,0,9,Q-High,method: This paper presents an integrated navigation system for Unmanned Aerial Vehicles (UAVs) in GNSS denied environments base... | metrics: The results demonstrate the ability of the proposed integrated system to reduce the 3D positioning errors to 2.06% for 3... | baseline: The first flight was performed over a football playground while the second flight was performed over...
REC_1322,3,2,0,1,6,Q-Medium,"method: This article aims to investigate a SLAM technique that fuses visual information and measurements from the inertial measu... | metrics: the system is most accurate with prediction and both IMU and VSLAM correction stages. | baseline: NO_BASELINE | repro: For the purpose of testing our system with a reliable ground truth, we used a horizontal motion dete..."
REC_1330,4,3,2,0,9,Q-Medium,method: This work presents a new real-time computer-vision position estimator for UAV navigation. The estimator uses images capt... | metrics: The results have shown that estimations are inside the error radius (DRMS) of the data obtained by the GPS equipment emb... | baseline: The experiments developed intended to validate the proposed method to estimate the position of an UA...
REC_1336,4,3,2,0,9,Q-High,"method: This allows the vehicle to utilize a suite of complementary exteroceptive sensors or sensing modalities. | metrics: Table I summarizes the root mean square (RMS) error over the entire flight, presented both as an absolute value and norm... | baseline: Experimental results were obtained by flying a multirotor vehicle in both a motion capture environme..."
REC_1346,4,3,2,0,9,Q-High,"method: This research proposes a tag-based visual-inertial localization method for off-the-shelf UAVs with only a camera and an ... | metrics: The root-mean-square error (RMSE) achieved in our experiments in laboratory and simulation, being as low as 2–5 cm | baseline: Experiments are designed and conducted in a laboratory setting (an arena equipped with a motion capt..."
REC_1348,3,3,0,0,6,Q-Medium,"method: Our method uses graph-based approach to fuse data from an onboard IMU sensors, a GNSS receiver and a 3D LiDAR. | metrics: The estimated error expressed as root mean square errors (RMSE) for the trajectories and the velocities are presented in... | baseline: NO_BASELINE"
REC_1355,4,3,2,0,9,Q-High,"method: In this paper, we present a distributed framework for the lidar-based relative state estimator which achieves highly acc... | metrics: The results show that the proposed method outperforms SegMap and RMSE can reach 20 cm level in the indoor test environme... | baseline: The proposed framework is validated with an extensive experimental evaluation including indoor test,..."
REC_1358,4,3,2,0,9,Q-High,"method: Integrating crowd-sensed data fusion to counter inertial navigation system (INS) drift during GNSS signal outages, the p... | metrics: Experimental analyses demonstrate substantial improvements, enhancing 3D positioning accuracy by 99.89% and 99.83% for t... | baseline: Two real flights were conducted in separate locations to evaluate the efficacy of the proposed metho..."
REC_1366,4,3,2,0,9,Q-Medium,method: This paper studies a cooperative approach to localisation using DOA measurements. | metrics: It is observed that for each value of σ there is greater improvement in rotation error than translation error as K is in... | baseline: We randomly generated 100 realistic fixed wing UAV trajectories.
REC_1370,4,3,2,0,9,Q-High,method: we propose a novel cooperative navigation framework based on optimized belief propagation (BP) in the GNSS- denied area. | metrics: MethodINS onlyWUBPBPUCLSPBPPosition error8.69 m6.58 m7.33 m7.88 mImprovement-24.3%15.6%9.3% | baseline: The real world experiment has been performed in the university building.
REC_1373,4,3,2,0,9,Q-High,method: we developed UAV Uncertainty-Based Navigation (UBNAV) for UAVs to navigate in GPS-denied environments by executing a pol... | metrics: The UAV can accomplish the mission in \(100\%\) of the cases using POMCP for both scenarios and \(85\%\) of the cases us... | baseline: flying in a 3D indoor space with no GPS signal available
REC_1378,4,3,2,1,10,Q-High,"method: an INS/optical flow/magnetometer integrated navigation scheme is proposed for GPS- denied environment | metrics: the position drift is about 8 meters after 50 meters trajectory without the correction of OFS and magnetometer, and the ... | baseline: The experiment location was in the stadium of North University of China, Taiyuan. | repro: The experiment location was in the stadium of North University of China, Taiyuan."
REC_1393,4,3,2,0,9,Q-High,"method: this paper proposes ST- DCL, a cooperative localization framework based on a novel principle of closed- loop spatio- tem... | metrics: ST- DCL achieves an NRMSE of 0.0068, representing a \(21\%\) performance improvement over state- of- the- art methods. | baseline: Experiments were conducted in a university campus environment"
REC_1399,4,3,2,1,10,Q-High,method: an adaptive pixel selection mechanism for DVO systems | metrics: achieving an ATE RMSE of 0.0296 m | baseline: three datasets were collected during field experiments on the campus... | repro: three datasets were collected during field experiments on the campus...
REC_1402,2,2,0,0,4,Q-Low,method: This paper presents a state-of-the-art tethered unmanned aerial vehicle (TUAV) for structural integrity assessment of un... | metrics: The landing methodology was tested successfully from 10 different starting positions. | baseline: NO_BASELINE
REC_1403,4,3,2,0,9,Q-High,"method: Referencing the SIMless concept, a SIM-free system is described in this paper. The SIM-free system is supported by open ... | metrics: the meter's difference between the GPS positioning and the GSM positioning is calculated to validate the correct algorit... | baseline: Table I Urban area test results"
REC_1405,4,3,2,0,9,Q-Medium,"method: In this paper, we present a novel angle robustness navigation paradigm to deal with flight deviation in point-to-point n... | metrics: Experiment results demonstrate that the proposed model outperforms the state-of-the-art by achieving improvements of 26.... | baseline: To evaluate the vision-based navigation methods, we collect a new dataset termed as UAV_AR368."
REC_1417,4,3,2,0,9,Q-High,"method: The main idea of the proposed scheme is to implement LTE connection to UAV Navigation and compared it to a Wi-Fi connect... | metrics: The mapping efficiency of LTE connection is 57.5% greater than the Wi-Fi connection. | baseline: For the indoor environment, we select a room and a corridor which are shown in Fig. 6."
REC_1423,4,3,2,0,9,Q-High,"method: a method of a real-time vision-based GPS-denied multiple object tracking for UAV is developed. | metrics: The position and speed data of fast moving target proved the calculated result of the vision system is accurate and robu... | baseline: The indoor experimental setup is shown in Fig.9, and the outdoor experimental setup is shown in Fig...."
REC_1429,4,3,2,0,9,Q-Medium,"method: This paper proposes an autonomous exploration and mapping system using 5 UGVs and 4 UAVs in heterogeneous teams. | metrics: The proposed system creates a 2D and 3D map of the environment in just 196 seconds, with 89 per cent and 82 per cent eff... | baseline: The simulated environment is a forest."
REC_1431,3,1,1,0,5,Q-Medium,"method: This study proposes an improved Q- learning algorithm by incorporating multiple variables as states, addressing the limi... | baseline: Fig. 6 depicts the simulation environment of three rooms measuring \(60\mathrm{m}\times 40\mathrm{m}..."
REC_1432,4,3,2,0,9,Q-Medium,"method: a novel federated filter approach using GRUs and EKFs, combining data in a loosely coupled scheme, from an IMU MEMS sens... | metrics: From the performances obtained, the novel fusion framework can provide a good mean horizontal accuracy of 0.8035 m with ... | baseline: "
REC_1435,4,3,2,0,9,Q-High,"method: this work focuses on assessing the positioning performance when exploiting vision- based information about the georefere... | metrics: the absolute positioning error, in particular in the best case, 2D RMS = 0.85 m for UAV+YOLO+MoGe2+centroid+UAV2V+V2V | baseline: "
REC_1438,2,1,0,0,3,Q-Low,method: a decomposition hierarchic on- line motion planning approach consisting of path planning and trajectory generation is pr... | baseline: NO_BASELINE
REC_1439,4,3,2,0,9,Q-High,method: This paper presents a robust and cost-effective method for UAV self-localization by using vision and millimeter-wave (mm... | metrics: Experimental results demonstrate that the proposed method can achieve self-localization accuracy within 0.4 m | baseline: An autonomous UAV self-localization system was implemented and validated through experiments conduct...
REC_1443,4,3,2,0,9,Q-Medium,"method: an angle-only relative navigation algorithm is proposed. | metrics: The relative position accuracy achieved using gyros with a drift rate of 50°/h, accelerometers with 1 mg deviation, and ... | baseline: the validity of the angle-only relative navigation algorithm was validated using the CEKF"
REC_1451,2,2,0,0,4,Q-Low,method: a vision-model-based real-time self-positioning method is proposed to support autonomous aerial inspection without the n... | metrics: The result showed that images collected with onboard camera during the aerial inspection process can be used for UAV ind... | baseline: NO_BASELINE
REC_1453,4,3,2,1,10,Q-High,"method: To address UAV positioning in GNSS-denied environments, this study proposes a tightly coupled multi-source positioning m... | metrics: In real flight experiments, the method achieves an RMSE of 0.480 m under high-dynamic conditions and 0.286 m under stead... | baseline: One uses typical flight image sequences captured by actual UAVs... The other experiment uses the pub... | repro: One uses typical flight image sequences captured by actual UAVs... The other experiment uses the pub..."
REC_1454,4,3,2,0,9,Q-High,method: This paper proposes an improved adaptive gradient-damped Newton approach | metrics: Monte Carlo simulation results demonstrate that the proposed algorithm maintains submeter localisation accuracy while ac... | baseline: a high-fidelity simulation environment was constructed using MATLAB R2023b
REC_1455,4,3,2,0,9,Q-High,"method: In this paper, we proposed an airborne MEMS INS enhancing method based on cross-modal images matching, which can provide... | metrics: It can be noted from Table 5 that both the CPR and positioning accuracy of HOP are significantly lower than those of CMM... | baseline: Eight UAV flights are carried out to evaluate the aforementioned approaches, namely, CMM and HOP."
REC_1459,3,3,0,1,7,Q-Medium,"method: In order to facilitate data acquisition, this article developed a mobile software development kit (MSDK) for drone using... | metrics: the 40-m difference between the designated routine and actual routine was 1.9% | baseline: NO_BASELINE | repro: a field test is conducted in an abandoned windless tunnel near Cork (Goggins Hill Tunnel) to test it..."
REC_1463,4,3,2,0,9,Q-Medium,method: The multi-UAV system uses a decentralised framework based on Decentralised Partially Observable Markov Decision Processe... | metrics: The distinction between Set B and Set C is that the avoidance actions are either rewards or costs in the reward function... | baseline: The system was tested in several cluttered and GPS-denied environments simulated in Gazebo and ROS i...
REC_1474,4,3,2,0,9,Q-High,"method: To address these issues, we present Co-Lo, a calibrated UAV-satellite dataset. | metrics: XFeat achieves an MMA@10 of 77.1%, which is 0.7pp higher than that of SP+SG, and an MHA@10 of 58.0%, which is 19.2pp hig... | baseline: The Co-Lo dataset is divided into two tasks: algorithmic evaluation and sequential evaluation."
REC_1480,3,3,0,1,7,Q-Medium,"method: The proposed method estimates the robot's pose using individual images by constantly tracking four fixed feature points ... | metrics: In the simulation of a differential drive robot, pose estimation error in robot's position in x and z directions are 3.7... | baseline: NO_BASELINE | repro: Simulation results of controlling a differential drive robot using the proposed pose estimation meth..."
REC_1502,4,3,2,0,9,Q-High,"method: This paper presents a UAV- based explore- then- exploit system to tackle these problems for autonomous indoor facility d... | metrics: The quantitative analysis shows that the positioning accuracy is centimeter- level and the reconstruction error is withi... | baseline: The experiments are conducted in an 8.4 meters long, 6.0 meters wide, and 6.0 meters- high environme..."
REC_1512,4,3,2,0,9,Q-Medium,"method: This paper presents BAZ II, a simulation- validated multi- agent navigation system... | metrics: the simulation- validated bifurcation at \(t_{c} = 72.9\pm 2.4\mathrm{h}\) | baseline: A \(2000\times 2000\mathrm{m}\) urban environment is constructed with fifteen buildings"
REC_1541,4,3,2,0,9,Q-High,"method: we present a multi- sensor fusion algorithm for reliable odometry estimation in GPS- denied and degraded visual environm... | metrics: A final position error of \(0.4857\mathrm{m}\) was estimated for the robot navigation along the direction of the mine sh... | baseline: a) an indoor machine shop environment subject to the presence of dense fog and partial darkness, as ..."
REC_1557,4,3,2,0,9,Q-Medium,"method: a model- based cooperative navigation system for a group of quadrotors, while no absolute position data is accessible, i... | metrics: RMSE of MBC- EKF is reduced \(97\%\) in the 2- D (horizontal) position and \(40\%\) in the vertical one, relative to the... | baseline: The simulation platform is developed under the MATLAB environment."
REC_1561,4,3,0,0,7,Q-Medium,method: We present a novel approach to use mountain drainage patterns for GPS- denied navigation of small unmanned aerial system... | metrics: the terrain matching pipeline in 0.056 s has the capability to enable real- time navigation of UAS systems. | baseline: NO_BASELINE
REC_1564,4,3,2,0,9,Q-High,"method: This article puts forward an indirect cooperative relative localization method to estimate the position of unmanned aeri... | metrics: the performance of Algorithm 2 is satisfactory if we consider the distance of 50 m and accuracy of 0.6 m in the worst ca... | baseline: Flight tests for two UAVs. Tables 1 and 2 show the absolute estimation error on each direction, resp..."
REC_1573,4,3,2,0,9,Q-Medium,method: The first method is used for estimating the UAV's position with respect to the vessel during the approach phase. It invo... | metrics: our proposed method can detect and track the target UAV from up to 100 m with 4K stereo camera and can estimate the posi... | baseline: A realistic simulated environment was created in Unreal Engine to gather synthetic dataset for evalu...
REC_1576,3,3,0,0,6,Q-Medium,"method: an integrated estimation and control scheme is proposed, which is divided into three phases: hovering, approaching and l... | metrics: the UAV gradually approaches the MP using the control law proposed in this paper until the MP appears within the range o... | baseline: NO_BASELINE"
REC_1582,2,1,0,0,3,Q-Low,method: This paper presents a comprehensive review of recent advancements in relative localization techniques within UAV swarms. | baseline: NO_BASELINE
REC_1587,4,3,2,0,9,Q-High,"method: The position of the UAV is estimated by VIO. Then, the accurate position is estimated by the extended Kalman filter (EKF... | metrics: The results show that the final estimated location of the proposed algorithm, ROVIO with landmark assistant to estimate ... | baseline: The ground test is carried out before the flight test to verify that the proposed landmark-based VIO..."
REC_1608,4,3,2,1,10,Q-High,"method: This paper presents an approach that complements stereo visual odometry with distance measurements from several radio be... | metrics: the average error of the proposed approach is about 0.4 meters, while the odometry error grows with time | baseline: The experiments have been performed at the indoor testbed of the Center for Advanced Aerospace Techn... | repro: The experiments have been performed at the indoor testbed of the Center for Advanced Aerospace Techn..."
REC_1612,4,3,2,0,9,Q-Medium,"method: This paper will introduce a novel and minimalist approach to visual navigation and multi- agent communication using sema... | metrics: With 4 agents, sensing accuracy (p) of only 0.6 is more accurate than perfect set estimation (p = 1) with a single agent... | baseline: "
REC_1619,3,3,0,1,7,Q-Medium,"method: we first propose a robust state estimation method that fuses estimates from a real- time odometry estimation algorithm a... | metrics: Table IX. Success rate of experiments. EnvironmentTotal runSucceedRateNormal44100%Dark7571.4%Smoky9555.5% | baseline: NO_BASELINE | repro: The field experiment was performed in a constrained shipboard environment containing a 20-m-long, 1-..."
REC_1637,4,3,2,0,9,Q-High,method: This work presents a virtual testbed for conducting simulated flight tests over real- world terrain and analyzing the re... | metrics: Table 4 shows ORB-SLAM2 (ORB) has lowest position RMSE in most cases. | baseline: 
REC_1640,4,3,2,0,9,Q-High,"method: In order to overcome the closed loop instability caused by the communication and localization delays, we propose a metho... | metrics: Furthermore, our proposed algorithm with the frame rate of 24 fps and the root mean square error (RMSE) of 2.5cm in posi... | baseline: Size of the markers is assumed to be 13×13 cm in all of the upcoming experiments."
REC_1642,3,3,0,0,6,Q-Medium,method: This mission is formulated as a Partially Observable Markov Decision Process (POMDP) and uses a modular framework that r... | metrics: Table IV Real flight results for Target finding problem | baseline: NO_BASELINE
REC_1653,4,3,2,0,9,Q-High,"method: Firstly, a novel image preprocessing method based on information entropy and granular segmentation is presented which ca... | metrics: it can be seen that the proposed method obtained the highest accuracy with the least matching time. | baseline: the flight data were collected above the northern area of Shenyang."
REC_1660,4,3,2,1,10,Q-Medium,"method: Specifically, the system model framework is first constructed, and then the Extended Kalman Filter (EKF) algorithm, whic... | metrics: The proposed method achieves a positioning accuracy of approximately 0.55 m, which is about 3.89 times higher than that ... | baseline: computer simulations to demonstrate the performance of the proposed relative positioning method | repro: computer simulations to demonstrate the performance of the proposed relative positioning method"
REC_1667,3,2,0,1,6,Q-Medium,"method: We present a complete integrated system consisting of an MAV with a multimodal omnidirectional sensor setup, a laser-bas... | metrics: multiresolution: min 10 ms, max 60 ms (Case A max 40 ms) | baseline: NO_BASELINE | repro: multiple autonomous indoor flight experiments"
REC_1678,4,3,0,0,7,Q-Medium,"method: An asynchronous lidar design is one in which the laser transmitter and detectors/receivers are disconnected and carried ... | metrics: The results show that as long as the laser transmitter is operated above the GNSS denied environment, the system is able... | baseline: NO_BASELINE"
REC_1715,3,3,0,1,7,Q-Medium,method: We present a comprehensive approach for targeted autonomous flight of RW MAVs in a GPS-denied environment where the map ... | metrics: The map quality for this case is approximately ME = 8.8 mm. | baseline: NO_BASELINE | repro: The system was checked in different simulated environments under the realistic level of disturbances...
